Attendance,Hours_Studied,Access_to_Resources_encoded,Parental_Involvement_encoded,Exam_Score
84,23,2,0,67
64,19,1,0,61
98,24,1,1,74
89,29,1,0,71
92,19,1,1,70
88,19,1,1,71
84,29,0,1,67
78,25,2,0,66
94,17,2,1,69
98,23,1,1,72
80,17,2,0,68
97,17,2,1,71
83,21,1,1,70
82,9,1,1,66
78,10,2,1,65
68,17,1,1,64
60,14,0,1,60
70,22,1,0,65
80,15,1,1,67
75,12,2,1,66
78,29,1,1,69
99,19,2,1,72
74,20,2,1,66
78,11,1,2,66
65,17,2,0,63
62,21,0,2,64
91,13,1,0,65
83,22,2,2,71
90,16,1,1,66
66,18,2,2,64
83,16,1,0,63
70,31,2,1,69
69,20,1,1,67
65,25,1,2,68
72,13,1,0,61
65,21,0,1,64
99,8,1,1,67
72,12,1,0,63
65,21,1,0,64
68,24,1,2,67
84,21,1,1,65
63,19,2,0,64
94,18,2,1,70
98,11,1,1,68
70,16,1,1,65
78,17,1,1,68
61,26,0,1,64
86,22,1,0,68
77,9,1,1,63
71,22,1,0,64
68,18,1,2,64
86,16,1,0,67
77,24,0,2,67
67,26,2,1,66
88,26,2,1,72
83,15,2,1,65
94,18,1,1,71
65,22,0,2,66
91,26,0,1,68
87,17,1,1,70
65,19,1,1,62
88,13,2,0,68
78,13,2,1,67
98,25,2,0,71
66,28,2,1,68
86,20,1,1,69
75,26,2,0,70
98,22,2,1,69
73,16,1,1,65
98,22,0,1,70
96,29,0,1,71
71,20,1,1,65
92,29,1,0,72
100,4,2,2,69
70,25,1,1,66
77,21,1,0,68
81,18,0,2,65
72,21,1,1,64
61,8,1,1,60
69,19,2,1,65
71,22,1,2,66
78,29,2,2,74
67,17,1,1,62
95,15,1,1,70
88,17,2,1,69
63,25,2,1,67
86,22,0,0,64
86,17,2,1,71
98,23,0,1,68
60,21,1,2,64
70,26,0,1,63
97,16,1,1,71
97,18,1,2,69
89,18,1,2,100
91,11,1,1,68
64,22,1,0,62
81,22,1,1,68
69,20,2,2,66
67,19,1,0,64
92,12,1,1,67
65,17,2,1,65
79,18,1,1,65
98,15,1,2,69
67,19,1,1,63
99,22,0,1,72
100,31,1,1,76
82,21,2,1,69
67,22,1,1,67
73,20,1,2,69
77,8,1,2,63
72,20,1,1,67
71,20,2,0,66
99,35,2,2,79
66,19,1,1,64
89,22,2,2,73
60,20,2,0,63
84,13,1,1,65
97,27,2,0,73
72,25,2,2,70
67,25,1,2,68
86,15,1,1,65
89,28,2,0,71
88,12,1,0,64
73,24,2,1,68
70,33,1,1,69
98,14,1,1,69
78,21,1,1,67
94,17,1,0,68
78,11,2,1,64
77,20,1,1,66
66,14,0,2,63
77,23,1,1,66
81,14,1,1,66
61,29,2,1,67
78,15,2,2,65
91,18,1,0,68
87,25,0,1,68
85,13,1,2,65
96,21,1,1,71
61,28,2,1,65
82,10,0,1,64
91,21,1,2,72
82,22,1,1,65
73,25,2,1,66
65,13,2,0,61
96,12,2,0,68
79,23,2,2,69
95,22,2,1,72
83,22,2,1,71
87,22,2,2,70
92,16,2,1,68
86,21,1,0,67
76,22,1,1,68
81,16,1,1,68
92,31,1,1,72
75,23,2,0,65
76,13,2,1,66
64,24,1,1,65
97,14,1,1,67
64,25,2,1,66
86,27,1,1,69
77,15,1,1,66
76,26,2,1,69
87,22,0,2,67
63,25,1,2,66
84,31,1,1,71
91,19,0,2,70
93,15,1,2,71
67,15,1,1,66
96,15,1,1,67
86,20,0,2,66
95,22,2,1,72
79,22,1,1,68
82,25,1,1,69
97,20,1,1,71
96,29,1,1,70
78,18,1,1,67
71,36,1,1,69
76,24,2,0,65
76,15,2,2,65
71,14,1,1,64
71,23,0,0,63
94,19,1,0,69
63,24,0,1,64
87,23,2,2,72
67,20,1,0,63
74,15,2,0,64
62,11,2,1,64
71,17,1,1,67
91,25,1,1,71
95,21,1,1,70
69,13,0,1,61
79,21,2,1,67
79,22,1,2,72
95,15,0,0,66
91,21,2,1,70
81,20,1,2,67
87,13,0,2,67
94,22,1,0,71
60,23,1,2,66
76,26,1,1,68
96,26,1,1,74
90,12,0,1,64
82,14,1,1,65
81,23,1,0,66
74,23,2,1,66
81,23,0,1,68
86,43,1,2,78
77,23,2,1,67
89,27,2,1,74
94,26,2,1,74
66,24,0,1,62
78,18,1,2,66
76,25,1,1,69
87,15,2,1,68
70,19,0,1,89
86,17,0,2,66
95,20,1,0,68
77,34,0,1,69
96,9,1,1,67
100,24,2,2,75
64,10,2,1,60
69,17,1,2,66
98,27,2,0,73
98,20,0,1,68
64,14,1,1,62
61,16,1,1,62
66,24,0,2,65
100,16,0,2,69
67,21,1,1,64
80,20,2,1,67
94,16,2,2,70
61,33,1,1,70
84,24,0,2,69
71,8,0,2,61
94,21,1,1,69
71,16,1,2,63
87,25,0,1,67
69,19,1,1,66
61,23,1,0,63
76,25,2,1,68
72,13,2,2,65
92,18,1,0,67
92,17,0,0,68
78,16,2,1,64
84,31,1,1,71
84,22,1,1,69
93,12,1,1,67
77,26,1,0,65
71,33,1,0,68
71,26,1,2,67
81,11,1,1,67
78,17,2,1,66
78,28,1,2,70
64,16,0,2,65
89,23,0,0,69
69,25,1,1,65
68,14,1,2,63
77,20,1,1,67
69,1,1,2,61
83,14,0,1,65
75,18,2,0,66
78,13,2,1,66
81,30,0,1,69
68,11,1,1,63
66,17,2,0,65
95,21,0,0,67
77,29,2,2,69
76,11,1,0,65
61,27,1,1,65
80,20,0,2,65
82,14,2,1,67
88,21,2,1,72
67,16,2,1,66
70,20,1,1,65
92,18,1,2,69
98,21,0,1,68
65,24,0,1,64
80,30,2,0,69
69,13,0,1,59
62,33,1,2,68
73,8,1,1,60
66,19,2,1,62
88,24,1,0,67
81,22,2,0,68
66,16,2,1,64
60,19,2,1,65
92,17,0,0,65
67,16,1,2,63
84,25,0,1,70
73,22,1,0,66
83,16,2,1,68
73,25,0,0,66
63,22,0,0,63
69,25,1,2,66
68,24,1,1,65
77,15,1,1,66
86,17,0,2,67
71,24,1,1,66
60,24,1,0,63
81,20,1,1,66
84,21,1,1,67
99,28,1,1,71
84,16,2,1,67
79,23,2,1,69
83,19,1,1,67
97,19,1,2,72
93,27,0,2,70
73,25,2,1,67
69,25,2,0,64
71,28,1,1,67
80,20,2,0,69
80,18,1,1,63
63,22,2,1,68
89,19,1,2,70
92,21,0,1,66
72,24,2,2,68
87,15,0,2,67
77,33,2,0,69
96,14,0,1,66
94,13,1,1,68
81,27,1,1,69
88,25,1,1,70
95,24,2,1,74
80,24,2,1,70
73,20,1,1,66
90,15,1,2,69
69,20,2,1,64
76,16,2,0,62
95,26,2,0,70
89,19,1,2,68
76,15,1,1,65
69,18,2,2,65
74,22,2,2,71
71,17,1,2,66
67,15,1,1,61
90,21,1,0,67
70,21,2,0,65
78,17,2,1,65
75,17,2,1,65
99,21,1,1,73
76,11,1,1,62
63,12,2,1,60
64,16,1,0,61
84,19,1,0,67
84,22,1,2,70
77,29,2,0,69
77,25,0,1,66
62,19,1,1,64
81,20,1,2,68
80,14,1,2,67
66,20,1,1,64
64,18,1,1,65
65,22,2,0,66
84,23,1,2,68
68,29,2,1,66
70,19,1,1,63
67,22,1,0,63
98,24,1,2,74
94,18,2,1,70
69,21,2,2,68
73,20,1,1,66
68,21,0,1,63
80,15,2,0,67
61,20,1,1,62
87,23,2,2,71
81,29,1,2,72
96,26,1,1,72
67,33,1,1,68
92,15,0,1,66
92,25,1,1,70
65,21,0,1,66
76,33,1,1,72
67,15,1,2,64
71,16,1,1,61
82,7,2,2,62
76,17,2,1,68
98,15,1,0,68
65,21,1,0,63
99,22,0,1,70
69,31,0,2,68
91,26,1,2,72
74,17,1,1,67
66,15,2,0,61
94,23,1,0,69
72,12,0,1,61
86,31,2,2,75
83,27,0,2,68
79,17,0,1,65
89,28,2,1,75
64,19,1,0,64
87,27,1,1,70
96,10,2,2,67
62,16,1,1,63
89,20,1,1,67
77,17,2,0,86
76,24,2,0,67
65,14,1,2,63
80,19,1,1,66
79,23,1,1,67
91,24,1,1,69
70,13,2,2,66
79,11,1,1,64
100,28,0,2,73
87,22,1,0,66
94,16,1,1,68
77,29,0,2,70
62,27,2,1,67
65,20,0,1,62
68,32,0,1,68
76,31,2,1,72
94,19,1,0,69
74,26,0,0,66
86,24,2,2,70
88,28,1,2,71
83,14,1,1,65
74,24,1,2,70
83,26,0,0,65
74,9,2,1,62
63,13,1,2,62
100,8,1,2,70
65,18,2,1,66
63,24,0,2,67
95,29,0,1,72
72,20,0,2,66
86,30,0,1,68
73,12,1,2,62
76,10,1,0,64
70,20,1,1,65
74,22,0,1,66
76,20,0,1,64
89,8,2,1,67
80,19,1,2,69
98,12,1,2,68
62,24,1,1,64
80,22,1,2,68
83,14,0,0,64
97,17,2,1,71
62,14,2,2,61
83,20,1,0,68
70,14,1,2,64
95,23,1,1,72
61,17,1,1,65
89,15,1,1,68
97,19,0,2,71
78,17,1,1,66
62,13,2,0,63
97,32,2,1,74
79,20,0,2,66
61,16,0,1,63
88,21,1,2,72
79,19,2,1,69
65,19,2,1,67
69,24,2,0,66
63,25,1,2,64
83,17,1,0,67
85,17,0,1,69
93,6,1,1,64
94,11,0,1,65
85,28,2,1,72
61,30,2,0,66
88,19,0,1,66
77,23,2,2,67
83,22,1,1,69
86,38,2,0,73
74,27,2,1,69
97,19,0,1,68
65,14,1,0,61
87,10,0,1,63
60,21,2,1,63
97,15,1,0,68
65,11,2,1,63
64,16,1,2,66
73,14,1,2,65
75,30,2,2,68
69,25,1,1,66
83,20,0,0,66
78,29,1,2,70
61,20,0,0,61
73,15,0,1,61
92,29,1,1,71
88,23,1,0,67
89,14,2,2,70
88,19,1,2,69
72,15,2,2,65
64,12,0,2,61
71,26,0,1,68
93,31,0,2,74
99,12,1,1,67
80,23,1,1,70
60,16,1,0,59
66,17,2,2,64
73,16,1,2,66
83,15,0,0,63
63,20,0,0,61
98,15,2,0,68
75,22,1,1,65
97,20,2,1,69
91,19,0,2,68
90,15,0,1,69
84,17,0,1,67
85,25,2,2,70
86,23,1,1,68
85,14,1,1,67
82,21,1,2,67
99,25,1,2,75
89,10,0,0,63
91,23,1,0,70
95,16,0,1,70
69,23,2,1,64
63,15,0,1,59
79,9,0,1,63
81,10,1,2,67
93,20,2,0,68
78,22,1,1,68
83,15,1,1,97
81,24,0,1,66
62,10,0,1,61
85,20,1,2,70
93,13,0,0,65
66,16,1,0,64
84,20,2,1,69
84,15,2,1,64
67,18,0,0,61
65,26,1,0,64
99,17,2,1,68
76,25,2,1,67
69,13,0,2,62
67,23,1,1,66
87,29,2,1,72
84,5,1,1,68
86,15,2,1,71
64,23,1,1,65
96,19,0,1,68
76,22,0,1,65
73,16,0,2,64
78,21,0,1,65
76,19,2,2,65
95,27,1,2,73
97,22,2,1,72
72,22,1,0,64
95,18,1,1,69
91,17,1,1,69
97,17,2,1,70
70,22,1,0,83
83,17,1,2,68
71,22,2,0,84
93,32,1,1,75
60,25,2,0,67
83,18,2,1,69
74,27,1,2,71
73,18,0,1,66
86,8,2,1,65
94,14,1,2,70
84,9,0,2,66
94,18,1,2,74
81,30,2,1,68
78,22,2,1,68
60,19,2,1,62
82,25,2,1,71
86,7,0,1,63
84,21,2,2,69
89,25,1,1,71
83,11,0,2,66
63,27,2,1,64
65,22,1,1,65
84,18,2,1,69
71,24,0,1,66
63,34,2,1,67
77,21,0,1,65
82,21,0,0,65
73,17,1,2,67
89,15,1,0,66
86,25,1,1,69
90,20,1,1,70
86,17,1,2,68
60,26,1,1,68
88,17,1,1,70
75,18,1,2,67
98,14,2,2,72
93,17,0,2,69
84,22,1,2,69
70,25,1,0,64
68,14,1,0,63
74,25,2,2,70
79,28,1,2,70
72,22,1,2,66
81,31,1,1,70
67,15,2,1,66
99,13,1,1,68
64,9,1,1,61
97,29,1,1,72
97,24,0,2,69
89,22,2,1,72
77,13,1,1,65
85,35,2,1,74
74,21,0,1,62
72,21,1,2,65
83,24,2,0,68
83,21,1,2,71
71,15,2,1,62
75,23,2,0,65
63,31,2,1,68
62,28,2,1,70
63,17,1,1,63
64,14,2,2,63
93,19,2,1,69
62,20,1,0,66
86,27,1,1,70
71,10,1,1,63
95,29,1,0,72
79,19,1,2,65
72,17,2,1,67
81,14,1,1,63
75,10,1,2,65
83,25,1,1,67
65,20,0,1,80
100,12,1,1,68
77,12,1,1,63
74,18,1,1,64
88,30,1,1,73
75,18,1,1,66
93,11,1,1,66
78,19,2,2,66
89,18,2,1,69
64,4,2,1,59
94,20,1,1,68
89,19,1,1,67
68,24,1,1,64
66,31,2,0,65
73,27,1,1,68
99,18,2,1,70
70,13,1,1,62
78,35,0,2,72
61,20,0,1,62
76,20,2,2,68
83,20,1,2,69
98,21,1,2,73
81,19,2,2,69
93,17,1,1,67
82,17,0,1,65
62,20,0,0,63
73,17,1,2,66
83,16,1,1,66
98,21,2,1,70
94,18,1,1,69
69,29,2,1,70
69,4,0,1,58
68,27,1,1,67
94,8,0,2,66
91,18,2,2,70
76,18,2,2,67
80,12,0,0,60
79,15,1,2,65
70,13,1,1,63
80,31,2,2,72
61,26,1,0,62
65,28,1,1,70
95,24,0,2,70
90,13,1,1,64
77,17,1,1,64
90,24,1,1,72
91,19,0,1,66
91,18,1,1,66
89,24,2,1,71
68,23,0,0,66
74,18,0,1,64
79,27,0,1,66
73,14,0,1,62
90,24,1,1,70
73,24,1,1,69
66,18,1,2,65
76,22,1,2,70
99,12,2,2,70
69,26,1,1,67
84,19,2,1,69
77,17,1,0,62
63,26,2,1,67
80,16,1,2,65
88,12,1,1,65
95,24,0,1,69
72,12,1,1,63
63,31,2,0,66
97,8,2,1,67
75,30,1,1,69
83,21,1,1,67
92,19,1,1,70
73,17,2,2,67
89,22,1,2,70
65,20,2,2,65
72,27,0,1,63
66,21,1,1,64
92,21,1,2,69
69,18,1,0,60
89,20,1,0,69
98,22,0,1,72
81,10,0,1,63
82,12,1,0,63
73,21,1,1,70
79,19,2,1,68
84,20,1,1,69
99,22,1,1,72
98,17,2,0,67
94,15,1,0,68
96,21,2,1,70
79,14,1,2,68
86,22,1,1,69
96,10,1,1,68
76,26,1,1,66
98,23,1,1,72
77,22,1,1,67
84,26,2,0,70
88,30,1,2,73
98,26,0,1,73
70,9,1,1,60
90,12,2,1,67
81,16,1,2,69
71,20,0,1,65
86,21,0,1,66
73,15,2,0,65
79,16,1,0,64
85,12,2,2,67
76,14,1,2,65
68,12,2,2,64
98,14,2,2,67
80,26,0,1,70
89,14,0,1,63
76,36,1,1,71
74,23,0,2,68
76,21,1,1,67
76,15,2,2,67
82,24,1,0,68
82,17,1,2,66
80,21,1,1,68
65,35,1,2,70
80,19,0,0,67
67,27,1,0,67
65,16,2,0,62
97,20,2,1,67
84,31,2,1,70
86,16,2,2,72
76,31,1,1,70
96,24,2,0,94
86,17,1,1,66
91,24,0,0,69
75,26,1,2,68
98,24,0,2,71
93,11,1,2,69
94,16,1,1,67
67,19,1,0,64
71,20,1,1,63
71,24,2,1,66
71,21,1,2,66
94,12,2,0,69
61,22,0,0,64
63,24,1,2,62
68,26,2,1,70
69,25,1,2,67
92,23,1,0,68
60,10,1,1,62
77,23,1,0,67
76,21,2,1,68
65,22,1,0,64
87,12,0,1,64
88,14,1,1,66
89,26,0,1,72
89,20,2,1,72
60,24,2,1,66
98,20,1,0,72
93,20,1,2,69
96,26,2,2,72
61,17,0,0,60
97,21,1,1,69
92,17,2,1,68
93,17,1,0,69
64,18,0,1,62
98,17,2,1,70
87,28,0,0,68
83,15,1,2,68
98,19,2,1,70
78,17,2,1,65
84,29,1,2,73
79,21,1,2,66
97,26,1,1,71
63,11,1,2,62
80,22,1,1,68
87,25,2,1,70
92,20,0,1,68
83,26,0,2,71
96,17,1,1,70
98,28,1,1,72
63,34,2,1,69
76,18,2,1,63
61,17,1,1,62
73,29,1,1,68
81,29,1,0,70
96,17,1,1,69
94,17,1,1,68
65,18,1,2,65
64,12,0,1,59
84,14,1,1,66
81,14,1,2,64
71,15,1,0,63
96,20,1,1,72
97,21,2,1,67
76,29,1,1,94
96,14,2,1,70
75,26,1,0,66
89,19,1,0,69
79,20,0,1,64
65,24,1,1,63
97,13,2,2,71
78,22,1,2,65
89,21,1,0,68
75,23,1,1,64
61,22,0,0,64
64,35,1,1,66
80,16,1,2,68
88,17,1,1,67
73,16,2,0,66
88,17,1,1,68
88,16,1,0,66
88,27,1,1,71
80,29,2,1,71
97,17,2,1,68
80,15,0,2,64
78,23,1,1,67
68,17,1,2,64
72,24,0,2,68
62,21,0,1,62
85,11,0,1,64
70,29,2,0,70
72,31,1,1,68
91,16,1,1,69
73,18,1,0,65
70,22,2,1,67
91,24,1,2,71
65,32,0,1,65
78,19,1,1,66
80,15,1,2,65
87,12,1,1,65
85,16,1,0,68
92,20,1,1,68
62,31,1,2,67
72,17,1,0,65
71,21,0,1,66
66,20,1,1,63
72,35,2,2,72
81,17,2,1,67
87,17,0,2,67
75,26,1,0,66
89,24,1,0,66
73,31,1,2,69
72,24,0,1,62
82,18,1,0,66
61,24,1,1,64
63,27,1,2,67
77,25,2,2,71
89,26,0,1,68
64,27,0,2,66
94,28,2,1,75
89,24,2,1,72
84,19,0,2,68
93,21,1,1,68
76,27,2,0,69
69,15,1,1,63
80,22,2,1,70
82,18,1,0,66
82,20,0,0,66
83,28,2,1,72
98,21,1,0,71
96,20,1,2,72
95,12,1,1,69
92,24,2,0,71
98,24,0,1,69
64,33,1,2,68
71,18,0,0,61
80,21,2,1,68
94,21,1,2,72
80,29,1,1,70
90,19,1,2,73
66,22,2,1,67
70,24,2,1,65
89,21,1,1,68
67,17,2,0,65
74,21,1,2,97
71,26,0,2,66
74,14,2,2,67
88,21,1,2,70
75,16,1,2,66
82,27,2,1,69
64,11,1,2,62
92,17,0,1,68
75,22,2,1,67
86,29,1,1,68
89,20,1,2,69
68,17,1,1,62
95,31,1,2,75
85,11,1,1,65
77,7,1,2,63
67,23,1,2,66
98,17,2,0,71
90,14,1,2,66
68,24,1,1,66
74,21,2,1,66
88,12,1,1,68
91,25,1,1,71
78,24,1,1,68
89,19,1,0,68
75,31,1,1,68
68,14,1,1,62
85,11,0,2,65
99,16,2,0,71
72,20,2,1,63
78,21,1,2,68
87,19,0,2,69
82,22,2,2,69
94,12,2,1,71
90,29,2,1,71
62,20,1,1,62
100,27,0,0,70
90,22,2,2,70
95,23,1,1,73
86,23,2,1,71
94,23,0,1,69
74,28,0,1,65
95,21,1,2,71
68,24,1,1,68
63,19,2,1,64
92,29,0,0,71
93,16,1,0,67
67,31,0,1,66
94,20,2,0,71
87,11,1,0,62
81,21,1,2,67
93,16,0,1,67
77,25,1,0,66
68,16,1,0,64
71,17,1,0,62
80,9,2,1,65
81,17,0,1,63
92,5,1,1,64
92,10,2,0,65
83,25,2,1,68
91,25,2,1,72
68,23,1,1,64
62,14,1,2,62
95,20,0,1,69
63,20,0,0,64
70,13,1,2,61
88,29,2,1,72
76,25,0,1,66
95,19,0,2,69
72,20,1,1,65
60,21,1,2,64
72,8,1,0,62
83,19,1,1,66
75,16,0,0,62
81,14,1,1,66
95,18,2,1,70
96,31,1,1,75
71,24,2,0,67
78,17,1,0,66
82,23,2,1,71
98,28,1,2,75
100,26,2,2,72
89,16,1,1,65
75,24,1,0,67
60,22,1,1,63
60,25,0,1,62
78,24,2,0,69
80,26,1,1,70
61,17,1,0,63
87,28,1,1,71
72,21,0,1,63
82,32,1,0,71
72,16,1,1,63
76,21,0,1,65
69,16,2,2,66
81,17,1,0,66
68,18,2,2,66
66,23,2,1,66
87,17,1,1,67
90,20,1,2,68
64,33,0,1,68
79,30,1,0,69
63,23,0,1,64
84,20,1,1,67
71,21,1,1,63
81,14,2,1,64
97,18,1,0,66
82,10,1,2,65
83,22,1,1,68
76,24,2,0,66
98,17,2,2,71
91,29,2,1,74
71,13,2,1,65
94,11,2,0,68
77,21,2,1,68
93,26,1,1,72
93,30,2,2,74
68,17,2,0,61
88,26,0,0,65
72,20,0,2,63
72,19,1,2,66
72,25,2,0,66
89,24,1,2,73
69,11,1,1,63
89,28,0,2,73
67,16,2,0,63
64,22,2,1,65
75,22,0,0,65
79,17,2,0,66
62,16,1,2,65
99,20,1,1,70
89,27,1,1,70
73,23,1,2,68
73,18,2,1,64
78,25,1,1,68
85,3,2,0,62
68,10,1,0,61
94,18,1,2,69
70,13,1,1,65
75,12,2,1,65
95,27,2,1,72
87,17,1,1,70
74,22,2,1,65
87,20,1,1,69
61,23,0,2,65
89,20,1,0,69
79,12,1,0,65
93,26,2,1,72
98,17,0,2,70
97,11,1,1,64
96,17,0,1,67
80,29,0,1,69
74,25,1,0,70
79,18,1,1,65
88,18,2,2,69
95,18,1,2,74
68,32,1,0,66
97,22,1,1,72
99,26,2,0,75
95,21,0,1,70
71,18,0,0,63
64,19,1,1,65
64,20,2,1,64
72,20,2,1,65
85,24,1,1,70
92,20,0,1,67
96,24,1,1,67
85,20,2,1,68
60,20,1,1,65
67,8,1,2,61
64,25,0,1,63
75,22,0,1,80
80,26,1,1,69
62,3,0,1,55
74,33,1,1,70
67,19,1,1,65
86,27,1,0,68
79,14,0,1,64
80,24,1,1,69
77,14,2,0,89
98,16,0,1,67
69,31,1,1,92
81,19,2,2,67
89,21,1,0,70
82,25,0,2,68
97,23,0,1,70
75,21,1,1,67
79,22,1,1,69
64,34,1,1,67
84,20,2,2,69
72,21,2,1,63
82,27,2,1,66
81,27,1,1,68
63,24,1,1,69
88,13,0,2,66
85,30,1,1,72
68,13,1,0,62
79,22,1,1,67
89,15,0,2,67
81,20,2,2,67
76,22,0,1,65
73,22,0,2,67
84,23,0,0,66
98,30,0,0,70
87,23,2,0,71
63,19,2,0,64
78,26,2,0,69
96,27,2,1,72
64,13,0,1,60
100,24,0,1,71
98,24,1,1,71
63,18,2,2,66
97,28,1,1,74
75,19,1,1,64
94,21,0,1,68
77,19,0,2,66
78,20,1,1,65
85,13,2,0,64
91,11,0,1,65
61,30,2,2,69
67,14,2,1,62
74,7,2,0,63
74,16,0,2,65
79,12,2,0,62
73,30,1,0,67
64,26,2,0,64
66,16,0,1,61
61,34,1,0,65
79,26,0,2,67
98,18,0,2,70
65,5,2,1,59
98,34,2,1,75
89,12,1,0,67
85,10,1,1,64
86,26,2,1,72
93,35,1,1,76
64,28,2,1,69
80,23,1,0,65
88,24,1,2,72
83,25,2,1,69
93,25,1,2,71
63,22,1,2,64
88,21,2,2,74
81,20,2,1,68
75,15,2,1,66
74,18,1,1,65
85,10,1,2,67
96,19,1,1,69
80,14,0,2,66
93,13,2,1,69
76,21,1,1,67
64,28,1,1,64
62,26,2,2,67
62,11,2,0,61
75,14,0,1,61
73,26,1,1,68
89,14,2,0,66
90,19,1,1,66
69,14,2,0,63
71,21,1,1,66
82,12,1,2,66
66,16,1,2,66
65,22,1,1,65
98,10,1,1,69
92,23,2,1,71
67,20,2,2,66
76,23,1,1,66
74,21,2,1,65
92,28,1,0,71
80,21,2,1,69
65,17,0,0,61
90,21,1,2,70
76,23,1,1,70
71,20,1,1,65
75,20,0,1,64
80,16,2,2,68
74,16,1,0,63
70,12,2,1,63
76,30,1,1,71
61,13,0,2,58
91,16,1,1,68
67,16,2,1,65
62,25,1,1,65
86,18,0,2,68
91,27,2,0,69
93,16,1,1,71
80,22,1,0,65
68,15,1,0,64
89,33,1,0,75
88,13,1,2,67
70,22,2,1,68
96,24,2,2,72
64,22,1,1,67
99,19,1,2,72
94,19,0,1,69
88,20,0,0,68
98,19,1,1,70
89,26,1,1,69
68,33,0,1,67
78,17,1,1,63
63,12,2,1,61
76,19,2,1,66
90,35,1,2,73
75,15,2,1,67
73,30,1,2,72
84,30,1,2,69
95,17,2,0,69
62,23,2,0,63
75,30,1,1,67
66,18,1,1,63
88,19,2,1,66
64,17,1,1,62
87,14,1,1,68
71,16,2,1,65
68,13,0,0,59
97,20,1,2,72
61,15,2,1,63
78,21,1,1,68
61,11,1,1,61
79,22,1,0,65
80,25,1,1,68
73,8,1,0,61
75,27,1,1,67
87,13,1,0,66
91,30,1,1,75
81,23,1,1,68
84,16,1,0,65
68,20,1,0,64
66,20,1,0,64
70,23,2,1,67
69,14,2,1,63
81,21,1,2,67
83,12,0,2,65
98,19,0,2,70
68,15,1,1,62
86,16,1,2,69
93,27,0,1,70
82,27,1,1,68
70,24,2,1,68
71,13,1,1,64
62,18,2,0,63
72,27,0,0,68
90,21,0,2,67
62,34,0,2,68
69,22,2,1,66
88,21,1,1,67
91,18,1,2,69
88,19,2,1,70
76,24,1,1,68
66,26,1,0,66
76,15,2,1,67
83,12,1,1,65
98,9,1,1,67
63,23,1,1,63
80,13,2,0,64
73,7,1,2,64
80,22,0,0,66
61,35,2,1,68
73,20,1,2,67
93,25,2,1,72
82,20,1,1,67
78,19,1,1,66
71,26,0,2,66
72,18,2,2,67
75,22,1,1,65
93,22,1,2,70
99,16,1,0,69
78,26,2,2,69
76,19,1,2,66
94,15,0,1,66
77,23,2,2,67
82,15,2,1,67
69,20,1,1,67
90,20,2,2,72
81,27,0,1,68
92,23,0,1,70
91,20,1,1,69
69,25,0,2,65
89,28,2,2,72
92,23,2,1,69
74,20,1,1,68
67,12,2,2,62
60,14,0,1,60
78,18,1,2,67
74,16,2,2,67
82,19,2,1,67
68,20,1,1,63
94,23,0,1,71
70,20,1,1,66
69,23,1,1,65
79,20,1,2,69
80,8,0,2,63
69,14,1,1,64
71,19,2,2,67
67,13,1,1,62
89,24,0,1,68
78,27,1,2,66
89,19,2,1,69
89,29,0,1,71
66,21,1,1,66
99,18,1,1,72
93,16,1,1,70
68,18,1,0,65
67,18,1,2,64
65,21,1,1,63
66,21,1,1,63
90,20,1,0,66
79,23,2,2,68
91,27,2,1,74
90,26,2,2,71
84,11,1,2,67
87,5,0,2,66
61,26,1,2,67
72,12,2,0,62
86,19,0,1,68
60,13,1,1,62
61,9,1,2,82
94,23,1,2,70
87,25,1,2,72
71,17,2,0,64
88,4,2,1,66
92,17,1,1,68
72,22,1,0,64
61,11,1,0,61
97,21,1,1,69
74,20,2,2,68
64,23,1,1,64
80,21,2,1,67
91,14,1,1,67
69,27,1,1,65
71,19,1,2,68
70,20,2,1,67
68,17,2,1,64
83,15,2,2,70
97,19,2,1,69
66,30,2,1,66
99,12,1,0,69
98,10,1,0,66
95,29,1,2,73
69,19,1,1,66
85,16,2,1,69
90,26,0,1,70
99,16,1,2,71
67,31,2,0,70
91,24,0,2,69
74,17,1,1,63
67,33,1,2,71
77,16,2,2,67
92,24,1,1,73
79,22,2,0,68
82,28,1,0,69
100,29,2,2,76
76,20,1,0,68
85,15,1,1,65
75,23,1,1,66
76,16,0,1,65
88,32,1,0,69
82,18,0,2,66
91,21,2,1,69
64,12,1,1,59
68,14,2,1,65
80,27,2,2,72
70,14,1,1,64
81,23,1,1,69
61,27,2,2,70
71,24,2,1,67
81,26,1,1,67
83,15,0,1,64
97,11,1,1,68
86,29,2,1,72
77,18,2,1,65
97,18,2,1,70
91,28,1,2,75
68,23,0,0,65
65,23,2,1,63
87,33,2,1,71
82,16,0,1,66
92,26,0,1,69
90,20,1,2,68
85,22,2,1,71
99,29,1,2,77
81,23,0,2,70
65,23,1,1,66
93,26,1,2,73
70,18,1,1,62
91,15,1,1,65
98,14,2,2,71
88,8,1,1,66
84,32,1,0,72
78,13,1,1,64
75,19,1,1,63
74,18,1,0,63
85,22,1,2,72
90,25,1,1,71
87,25,2,2,72
68,17,2,1,65
80,19,1,1,67
92,22,2,0,68
79,19,2,1,66
81,30,2,1,72
91,23,1,2,71
86,24,2,1,70
76,24,1,1,68
96,27,2,1,72
67,21,1,0,66
100,12,1,1,69
65,22,1,0,65
61,16,2,2,62
96,17,2,2,69
70,24,1,1,65
89,27,0,1,69
92,20,2,0,69
100,30,1,2,75
72,21,2,2,70
88,36,2,1,74
65,23,1,1,65
76,9,1,1,63
94,25,2,2,74
75,22,2,2,67
84,28,1,1,71
80,24,0,2,68
86,19,1,2,69
99,13,2,1,71
62,19,1,2,66
83,15,1,1,65
95,17,0,1,66
79,24,0,0,65
63,30,1,1,67
82,22,1,2,70
73,13,1,1,63
66,23,0,0,64
94,27,1,1,71
81,16,2,1,68
97,19,0,1,72
92,20,2,1,71
88,15,0,0,64
60,24,0,2,64
77,19,1,2,66
96,15,1,2,68
67,17,1,2,65
71,24,1,1,67
81,18,0,1,64
71,30,1,2,70
68,18,2,1,65
84,21,0,1,65
64,26,1,2,68
62,11,2,1,61
89,11,1,1,65
82,28,1,1,69
77,17,1,1,64
83,35,0,1,69
75,17,1,2,67
97,21,2,1,74
62,29,1,2,66
87,32,2,1,72
96,32,0,1,73
92,27,1,2,73
67,26,1,0,63
72,24,1,2,69
89,25,0,0,71
63,17,1,2,63
92,15,2,1,69
89,20,2,2,72
89,19,0,2,68
64,17,2,0,62
89,24,2,0,68
87,26,1,1,71
93,21,0,1,67
62,29,2,0,65
61,13,1,0,60
75,19,2,1,68
66,16,1,0,59
97,20,1,2,71
94,29,1,0,70
60,24,0,0,62
67,14,1,1,62
61,31,1,2,68
73,27,1,1,68
96,23,1,1,74
64,19,1,0,61
84,14,1,1,67
78,18,0,1,65
98,27,1,0,101
65,31,0,1,65
68,29,1,1,67
61,17,2,1,61
77,13,1,1,64
71,21,0,2,64
95,9,1,1,67
84,22,1,1,69
85,19,1,2,69
81,17,1,2,67
64,10,2,1,62
78,23,2,0,66
100,17,1,2,72
93,13,1,1,67
96,3,2,2,66
93,20,0,0,67
64,31,0,2,67
69,30,1,1,68
60,17,1,2,63
72,16,2,1,62
64,23,1,2,65
79,14,1,1,65
87,22,2,1,70
95,25,1,0,73
90,27,1,2,73
98,19,0,1,68
62,19,0,1,63
60,15,0,1,62
86,15,1,2,69
72,19,2,1,66
70,22,2,1,68
73,25,1,2,67
71,15,2,2,65
80,29,1,0,70
78,18,1,0,64
80,20,0,0,65
87,16,1,1,67
75,5,0,1,62
70,25,1,1,66
67,24,2,2,68
74,18,0,1,64
90,20,0,2,69
90,23,1,1,69
87,11,1,1,67
69,17,1,1,61
84,25,1,2,70
83,12,1,0,65
79,22,1,1,66
82,12,1,0,66
80,23,2,1,69
83,20,1,1,67
89,10,2,2,71
64,27,2,2,68
90,16,1,1,67
65,15,1,2,63
63,21,1,1,64
99,27,1,2,73
98,14,1,1,69
62,20,0,2,65
78,23,0,2,70
67,24,1,2,67
79,21,0,1,67
93,18,2,1,70
98,15,0,2,69
85,21,1,2,68
74,14,2,1,66
72,23,1,1,67
96,25,0,1,71
95,6,1,2,68
82,14,1,2,66
73,24,1,0,64
72,32,1,2,71
61,20,0,0,61
93,16,2,1,67
78,19,0,1,65
73,28,1,2,66
79,16,2,2,68
93,15,1,1,66
65,17,1,1,63
94,14,0,0,66
96,21,2,1,73
98,30,0,1,88
76,22,1,1,67
69,18,2,2,69
75,18,0,1,67
73,11,2,1,64
67,25,2,1,64
84,20,1,0,65
79,19,1,1,68
95,39,2,1,77
61,22,1,1,63
86,15,2,2,69
91,17,1,1,69
90,27,0,1,70
95,21,1,2,73
89,11,0,1,66
97,26,0,1,71
73,16,0,1,66
80,31,1,1,71
61,26,0,1,66
60,17,2,1,63
70,28,2,2,70
64,20,1,2,66
70,25,1,1,66
67,23,1,1,66
61,15,1,1,62
96,16,1,1,69
60,26,2,0,63
89,18,0,1,68
66,18,2,1,64
96,14,2,0,69
96,23,1,0,71
86,32,1,1,71
87,14,1,1,66
60,20,1,1,63
99,28,1,0,72
95,20,1,1,70
96,23,0,1,71
86,14,0,0,65
74,23,0,1,65
96,19,1,0,67
72,26,1,2,68
83,27,1,1,70
64,36,1,1,70
97,23,2,0,72
66,22,2,1,65
69,21,1,1,65
82,18,1,2,71
91,22,2,2,74
85,18,1,0,64
69,21,1,1,64
60,28,2,1,65
90,14,1,0,67
99,27,1,2,73
92,28,2,0,72
78,19,1,1,65
96,7,2,1,67
81,28,1,2,70
79,20,1,2,66
78,14,2,2,66
91,17,0,1,68
81,25,1,0,68
73,23,2,2,67
70,19,1,2,65
62,18,0,1,64
83,18,1,2,70
69,14,1,0,63
66,30,2,1,65
86,18,1,0,67
87,27,1,1,71
90,29,1,2,73
80,26,1,1,67
96,17,1,2,72
97,22,1,1,71
92,20,2,1,72
85,15,2,2,68
72,22,0,0,65
99,13,1,2,68
71,27,0,1,67
68,17,1,1,66
78,21,0,1,64
62,22,1,2,65
99,18,1,1,69
84,24,1,1,68
82,17,2,2,69
86,25,1,1,70
80,12,1,2,65
61,21,1,1,63
84,32,1,0,71
89,14,2,1,68
77,16,1,1,70
90,23,2,1,72
69,21,1,1,64
69,22,1,0,64
66,23,0,1,66
75,24,2,1,69
94,27,0,1,71
93,22,2,1,69
75,19,1,2,67
84,24,1,0,66
89,31,1,1,71
70,19,0,1,63
67,14,0,1,62
99,27,2,1,73
85,19,1,2,66
99,7,1,2,72
74,25,0,2,67
88,17,0,0,65
69,19,1,1,66
70,22,1,2,68
80,21,2,1,69
73,24,1,2,68
67,17,2,1,61
71,23,0,2,68
61,18,0,2,64
88,24,0,1,67
80,24,2,0,68
64,14,2,1,61
67,27,0,2,66
64,17,0,2,64
85,25,1,0,67
64,22,2,1,64
90,31,2,2,72
61,19,1,1,62
70,18,1,2,63
96,20,2,2,70
89,18,1,2,69
63,25,1,0,64
93,10,1,0,66
80,14,1,0,67
94,14,2,2,71
84,26,2,1,70
87,30,1,0,69
69,19,2,1,64
85,20,1,2,70
78,27,0,2,69
61,21,1,0,60
65,26,0,2,65
86,23,1,1,67
83,21,0,1,66
82,26,2,0,68
61,4,2,0,58
79,24,2,0,67
76,9,1,1,62
85,23,2,0,69
91,28,2,1,73
91,19,0,2,66
81,26,1,0,67
94,30,1,1,71
76,28,1,1,66
96,30,1,2,74
70,24,2,1,67
71,20,1,2,68
62,10,1,1,61
77,15,1,0,65
69,33,2,1,71
69,19,0,1,61
96,21,2,1,70
93,23,0,1,70
82,20,2,1,69
85,30,0,2,70
79,16,1,2,67
76,21,1,0,63
97,16,1,1,70
65,12,1,1,61
77,16,2,0,64
74,20,1,1,65
80,17,1,1,65
78,16,0,1,66
81,12,2,2,66
66,20,1,0,63
81,11,2,0,66
70,25,1,1,64
67,20,0,2,65
63,11,1,2,62
91,18,2,0,71
77,15,1,1,63
85,22,2,1,70
89,28,0,1,70
87,9,1,1,65
76,19,0,1,66
75,24,0,1,68
86,21,2,2,68
80,15,1,2,69
94,18,1,1,71
67,26,2,1,68
65,20,2,1,67
85,31,1,2,72
72,20,1,2,68
61,16,1,2,60
96,11,2,1,68
69,9,1,2,65
97,10,2,0,67
89,22,1,0,70
91,23,0,1,70
68,11,1,1,61
69,25,0,2,68
81,17,2,1,67
67,21,2,1,62
72,30,0,1,66
73,25,1,2,69
66,18,2,1,66
68,15,1,1,64
92,7,1,2,66
67,16,1,1,63
61,19,2,0,62
85,14,1,1,65
99,19,2,0,68
73,20,2,2,65
65,19,2,1,63
83,16,2,2,68
96,21,2,1,72
91,23,0,2,69
85,13,1,0,66
73,28,0,0,68
82,19,0,0,64
64,20,0,1,61
87,24,1,0,67
89,21,0,1,68
99,26,1,1,74
70,22,2,1,67
61,16,2,1,64
82,22,2,0,69
88,13,1,2,63
92,21,1,1,67
68,20,1,2,65
70,19,1,1,67
81,19,1,2,68
73,9,0,1,62
94,17,1,2,70
79,21,2,0,67
92,21,2,2,89
83,14,1,2,65
91,28,1,0,69
73,15,1,1,64
93,26,0,2,74
71,23,2,1,64
82,16,2,0,64
69,31,0,1,67
79,13,0,0,63
73,26,1,2,68
71,26,1,0,66
99,16,2,0,68
66,28,2,1,68
91,18,1,1,69
99,22,0,2,71
61,22,2,0,65
88,19,1,0,67
70,25,1,1,65
62,25,1,2,65
76,10,0,1,80
97,28,1,1,74
60,10,1,1,59
84,26,1,1,69
80,27,0,1,66
95,13,1,1,66
63,18,2,2,65
87,13,1,2,67
87,19,2,2,69
87,18,0,1,68
98,25,1,1,73
93,28,2,0,71
62,28,1,2,67
79,17,1,1,67
76,19,0,2,66
72,10,0,1,63
78,15,2,2,65
75,26,0,1,67
77,30,0,1,69
99,13,1,1,67
64,16,1,2,66
97,20,2,2,74
85,15,1,0,66
93,23,0,2,69
74,17,1,1,63
77,20,0,1,65
76,23,1,0,64
75,20,1,0,64
97,17,2,0,69
93,19,2,2,73
64,19,1,1,62
64,18,0,0,62
77,18,1,1,68
64,30,1,1,66
85,23,2,0,68
66,18,2,0,66
81,24,1,0,69
60,18,1,1,62
73,27,1,0,68
87,22,1,1,67
79,19,1,0,65
99,23,1,0,69
95,11,1,1,67
74,13,0,0,64
62,13,1,0,62
94,21,1,1,71
96,30,2,1,72
93,33,2,2,74
65,24,2,0,66
100,23,0,2,72
70,9,1,2,65
89,17,1,2,67
96,15,2,1,70
69,16,1,2,62
96,19,0,0,66
72,17,1,0,65
99,8,2,0,70
71,24,2,2,69
98,14,1,1,70
62,21,2,2,66
88,32,0,1,73
81,14,1,2,69
79,5,2,2,66
69,18,1,2,65
88,27,0,1,70
68,32,2,2,70
82,13,1,2,67
70,23,2,1,68
98,17,0,1,68
61,19,1,2,61
68,36,1,1,70
70,11,2,2,65
77,22,1,0,66
69,23,1,1,67
80,27,0,0,69
95,21,2,1,69
88,22,1,1,67
83,18,0,2,66
64,22,1,0,63
88,18,1,2,67
67,24,0,2,64
91,18,0,1,68
77,20,0,1,65
74,27,0,1,65
94,20,1,0,70
65,9,2,1,62
83,28,0,2,68
66,15,2,0,62
88,16,2,1,68
96,16,1,2,72
77,28,1,2,70
80,7,1,2,62
97,39,2,2,79
81,26,2,1,73
80,21,2,2,68
83,20,1,2,68
88,22,1,1,69
64,23,0,1,63
93,24,1,1,74
77,23,1,1,69
63,21,0,1,61
91,19,0,1,69
75,19,0,1,64
64,19,1,1,63
85,27,2,0,68
95,24,1,2,72
98,24,0,0,69
95,21,0,1,70
60,20,1,1,63
75,18,1,0,62
93,27,1,1,72
75,26,2,2,69
84,15,1,1,66
84,22,1,1,71
75,14,0,0,62
96,12,0,1,68
80,16,0,2,63
79,25,1,1,66
100,26,1,2,75
80,23,0,1,69
67,24,1,2,68
81,23,1,2,69
93,16,0,2,67
91,23,1,2,73
92,25,2,1,71
88,25,1,2,71
70,27,1,1,68
94,24,0,2,70
96,22,2,0,71
68,26,2,1,69
65,20,1,2,63
99,15,1,0,71
95,19,1,1,69
96,16,1,2,71
95,16,0,1,68
82,19,1,1,68
86,15,0,1,66
82,18,1,1,67
62,9,2,0,59
90,21,1,0,66
80,20,0,0,64
86,15,1,1,64
80,24,2,1,69
80,26,0,2,69
67,10,1,1,61
71,15,2,2,62
66,15,1,0,61
68,14,1,1,63
99,25,0,1,71
66,19,2,2,65
71,18,2,2,68
84,8,2,2,67
84,24,2,0,70
66,13,1,2,64
92,20,2,1,71
91,22,1,2,71
69,28,2,1,67
72,12,0,1,63
98,2,2,0,66
93,21,0,1,70
88,31,0,1,70
63,27,1,0,67
77,21,1,0,69
82,17,0,2,66
67,25,2,1,67
78,14,1,2,65
84,23,2,2,72
73,23,2,2,68
91,26,1,2,72
94,37,1,2,76
73,22,0,1,65
94,17,1,0,68
64,20,1,1,65
94,9,1,1,66
66,16,1,0,63
63,18,0,1,63
86,17,1,1,66
79,21,0,2,69
96,15,2,1,72
75,27,0,1,66
71,20,1,1,64
78,18,2,2,67
74,21,1,0,66
88,25,0,1,68
90,15,1,1,65
94,16,2,1,71
99,18,2,1,71
71,12,1,1,62
89,15,2,1,69
76,17,0,1,65
87,25,0,2,70
100,21,1,1,70
89,25,2,1,70
98,19,2,0,69
93,22,0,2,71
96,19,1,1,69
93,22,1,2,73
78,17,1,1,65
70,5,2,2,62
75,19,2,1,67
61,29,1,0,65
81,26,1,0,65
80,26,2,1,70
81,27,1,1,70
99,21,2,1,71
96,21,0,2,71
66,16,1,1,62
75,18,0,1,65
77,24,1,2,84
74,27,1,1,68
92,19,1,2,70
81,17,2,1,68
83,20,1,1,67
94,24,1,0,69
92,11,2,2,68
65,6,2,2,59
89,17,0,2,67
77,13,2,1,63
72,17,2,2,65
62,19,1,1,63
79,17,1,1,64
74,29,1,2,72
70,22,1,0,63
88,22,1,1,66
91,24,1,1,67
70,13,2,2,66
62,26,1,1,66
94,20,1,1,68
60,24,2,2,66
97,14,1,1,68
85,11,1,1,65
73,25,1,1,67
70,22,0,2,64
60,15,2,0,59
69,15,1,1,60
66,27,2,0,65
84,13,1,1,64
67,30,2,1,66
81,15,1,1,65
84,24,1,1,69
72,18,2,2,66
61,17,1,2,62
61,19,0,1,60
90,20,1,0,68
73,14,2,1,64
92,24,2,2,73
77,17,1,1,64
81,14,1,0,63
89,5,1,1,65
71,19,1,1,65
65,34,1,1,67
82,25,1,1,67
73,20,1,1,66
78,18,2,1,68
86,20,0,1,65
80,23,0,0,66
85,13,0,2,66
82,27,1,1,69
90,24,1,1,70
88,24,0,1,71
81,23,1,2,70
87,20,1,1,68
95,24,2,2,73
77,24,2,1,68
77,18,1,1,66
91,17,0,1,67
83,21,0,1,66
63,29,2,1,69
96,13,1,1,67
61,11,0,1,61
90,21,1,1,70
90,20,2,2,70
98,21,1,1,70
62,21,1,1,64
84,19,1,2,65
77,29,1,1,70
73,10,2,0,62
64,15,2,2,64
83,19,2,1,67
79,10,1,2,63
64,19,1,0,62
84,30,1,0,72
90,20,1,0,69
91,21,2,1,72
96,12,1,0,68
76,16,1,0,64
98,18,2,2,72
95,18,2,2,73
72,28,1,2,67
66,23,0,2,64
77,13,1,1,65
76,21,2,2,67
83,23,1,1,68
90,29,0,2,71
80,14,1,1,66
64,15,1,2,59
94,12,1,1,68
72,19,2,0,64
99,23,1,0,70
65,26,1,0,65
98,20,1,2,72
64,18,2,2,66
69,21,1,1,68
62,15,2,1,62
88,33,0,1,70
94,10,1,2,70
77,21,0,1,64
97,32,0,2,76
84,20,1,1,67
85,19,2,2,69
94,18,0,1,68
72,19,1,1,67
74,28,1,1,69
96,7,1,2,67
96,29,2,2,73
99,11,2,1,71
96,18,0,1,70
93,24,1,2,73
76,10,1,1,65
100,23,1,0,73
79,32,2,0,70
82,12,1,2,66
81,21,1,0,66
73,16,1,1,64
63,23,1,1,68
96,20,1,1,70
92,16,1,1,72
66,23,2,1,66
91,31,1,1,74
85,19,1,2,67
76,24,2,2,71
70,12,2,0,60
88,23,1,1,69
82,29,2,2,74
84,22,1,2,71
64,18,1,2,63
79,20,0,2,66
68,12,2,1,65
68,24,0,0,60
86,25,0,1,69
96,17,1,2,69
76,17,2,1,67
68,22,1,2,65
86,17,2,2,70
95,20,1,2,71
90,33,1,0,73
95,19,2,0,70
81,18,0,2,67
90,16,2,0,67
66,24,2,0,65
80,28,2,1,68
97,29,1,2,74
95,16,1,0,68
65,9,1,1,61
67,26,0,1,67
74,16,2,2,66
72,25,0,0,69
85,8,0,1,62
96,25,2,1,71
98,13,2,2,71
86,24,2,1,72
94,20,2,1,69
81,14,1,0,67
68,18,2,1,63
81,24,1,1,68
82,21,2,2,69
90,24,0,1,65
69,32,2,2,70
75,11,1,1,65
75,30,1,1,67
98,21,2,1,72
78,15,2,1,69
90,12,2,2,69
90,19,0,2,71
71,26,0,1,67
83,19,0,0,65
96,29,0,0,70
79,11,1,1,63
98,20,2,2,71
69,12,1,2,64
63,22,2,1,69
96,25,1,0,69
94,17,1,1,70
100,4,0,2,64
87,21,2,1,70
97,23,2,1,74
93,22,1,1,69
94,27,1,0,73
83,14,1,1,66
75,24,2,2,67
97,27,2,2,76
77,9,1,1,61
82,22,1,0,68
78,17,0,1,63
83,20,0,2,67
79,22,0,0,66
62,17,0,2,62
95,16,0,2,69
78,20,1,1,67
84,13,1,1,66
66,13,1,2,63
60,24,1,1,64
70,13,1,0,64
88,24,1,0,67
64,23,1,0,66
96,10,2,2,68
69,16,2,1,62
68,27,1,1,68
67,14,0,2,63
61,17,2,1,62
91,23,2,2,72
95,25,0,1,69
85,18,0,1,67
68,16,2,1,65
71,29,1,2,69
79,30,2,2,72
98,26,1,0,70
70,21,2,2,91
89,15,0,2,65
78,15,1,0,62
72,23,2,0,65
78,23,1,1,67
63,28,0,1,67
92,24,2,1,72
70,11,0,1,60
89,26,0,1,69
63,14,1,1,61
98,18,1,0,70
68,22,2,1,68
95,32,2,1,75
92,39,1,1,75
99,24,1,2,72
79,19,1,0,66
89,23,2,0,71
75,25,2,0,70
67,18,2,1,63
78,31,2,2,72
67,21,1,1,65
99,23,1,1,71
64,24,1,1,65
84,23,0,1,69
85,25,0,1,71
82,16,2,1,68
86,17,1,0,66
65,13,1,2,60
82,23,1,1,68
71,25,2,1,67
98,23,0,1,71
90,30,1,2,74
99,20,1,0,70
62,24,2,0,63
71,13,1,1,64
68,18,2,1,66
60,24,1,1,64
70,25,2,2,69
87,18,2,1,71
69,20,1,2,64
80,11,1,1,65
96,18,1,2,69
88,25,2,1,68
76,23,1,1,68
75,23,1,2,68
78,20,1,0,65
67,20,2,2,65
85,16,0,1,66
75,24,0,2,66
94,23,0,1,71
90,23,1,2,68
84,17,1,0,65
75,7,2,1,63
68,27,1,2,66
91,17,0,2,71
79,15,1,0,65
69,24,2,1,68
68,18,1,1,66
67,26,2,0,64
91,24,0,1,70
69,24,0,2,70
83,22,2,2,71
95,18,2,0,70
95,21,1,1,70
78,9,1,2,66
61,22,1,2,64
77,14,2,2,66
84,12,1,2,68
82,11,0,0,61
86,27,1,1,72
66,16,2,2,66
86,29,0,0,68
67,17,1,0,61
90,10,1,2,67
74,13,2,2,66
88,27,1,1,74
62,19,1,2,66
76,17,1,2,67
88,21,0,2,71
69,23,0,2,66
92,27,1,1,71
85,29,1,2,72
84,18,1,1,66
74,12,0,2,62
79,18,1,2,66
84,22,2,0,69
88,14,1,1,69
77,22,0,2,69
68,20,0,2,64
69,20,2,1,68
60,15,1,1,63
72,19,1,2,64
90,14,2,1,69
92,25,2,0,71
68,26,2,1,67
80,14,0,2,66
97,11,2,1,67
88,16,2,0,68
89,19,1,1,69
63,11,2,2,62
69,14,1,1,66
60,14,1,1,63
89,21,0,0,67
91,16,0,1,66
74,21,1,1,66
93,17,1,2,67
65,18,1,2,66
67,30,1,1,69
74,28,2,1,72
76,12,0,1,60
74,25,2,0,68
91,25,1,0,72
64,13,2,1,64
74,25,1,0,65
93,29,2,2,76
63,13,1,0,59
98,14,1,1,67
99,26,1,1,73
64,22,2,1,64
72,23,2,1,67
75,22,1,2,69
91,22,0,1,69
84,12,2,2,67
86,26,2,1,72
90,27,1,0,86
65,19,2,1,62
93,20,0,1,69
88,11,2,2,68
83,23,2,2,99
96,23,1,0,70
88,20,1,0,68
68,27,1,1,67
77,18,1,2,66
80,23,2,0,66
62,14,2,1,62
98,20,1,1,72
65,19,2,1,64
88,21,1,1,68
80,18,2,1,66
61,19,2,1,68
97,25,2,0,75
94,17,0,0,67
81,10,1,0,65
69,30,1,1,68
65,28,1,1,67
75,12,1,1,63
70,24,2,1,67
80,17,1,1,67
99,22,1,1,73
83,22,1,1,67
96,19,1,1,71
86,15,1,0,67
79,16,0,2,68
94,15,0,0,68
79,15,1,2,66
95,20,0,2,68
72,16,0,1,63
65,24,2,2,68
94,29,2,0,74
96,21,1,1,69
98,23,2,1,70
62,23,0,1,65
80,20,1,1,68
75,24,1,0,65
85,23,2,1,68
92,13,2,1,68
71,25,1,1,66
82,25,1,2,70
88,15,1,1,66
65,20,2,1,64
93,24,2,1,70
84,19,1,2,68
98,26,2,0,74
74,34,0,2,71
64,15,1,1,61
80,12,0,1,64
63,22,0,2,64
99,24,1,2,73
62,19,2,1,62
90,29,1,0,71
81,12,1,2,68
75,24,0,1,67
85,30,1,0,71
83,32,1,1,72
71,15,1,2,66
96,17,1,1,67
72,25,1,2,66
78,18,1,0,68
82,20,0,0,64
64,20,1,1,65
97,8,1,2,66
75,20,2,2,69
63,16,2,2,64
75,17,2,0,65
84,29,1,2,72
81,12,1,2,65
88,25,2,0,70
62,18,1,1,64
71,18,0,1,62
93,25,2,1,69
63,22,0,2,62
94,23,0,0,69
93,18,2,1,71
74,16,2,1,66
84,13,1,2,64
66,15,2,1,63
63,38,2,1,69
69,27,2,2,68
65,12,2,2,63
72,12,1,1,64
81,23,0,1,66
84,23,2,1,71
92,23,1,2,72
86,18,1,2,88
84,19,2,1,66
76,22,1,1,65
79,21,1,0,66
77,7,1,0,62
94,19,0,1,68
69,15,1,1,65
60,21,2,0,62
86,38,1,2,74
68,22,0,1,64
94,26,1,1,70
63,23,1,2,65
64,23,2,1,66
80,24,1,1,67
84,32,2,1,73
71,13,2,1,65
89,23,2,2,74
84,14,1,1,66
73,23,1,1,67
61,14,1,1,58
90,17,2,2,71
69,18,2,0,63
93,26,2,0,73
77,26,1,2,68
83,13,1,0,66
95,20,1,0,68
95,16,0,1,66
75,12,2,1,62
68,19,1,1,78
91,18,1,1,68
77,35,2,2,77
68,23,0,2,65
96,12,2,2,73
68,17,0,1,64
61,26,2,0,67
61,33,1,2,69
85,10,0,0,60
86,9,1,2,66
72,31,2,0,70
73,22,1,2,66
74,15,1,2,64
87,23,2,1,70
69,22,1,1,64
100,26,1,0,72
67,14,1,1,60
91,21,1,1,70
69,14,0,1,62
63,22,1,1,66
94,18,1,0,65
76,14,1,2,64
88,24,1,2,72
82,25,1,1,71
94,19,2,0,68
73,20,1,2,68
81,11,1,0,64
79,18,1,0,65
74,20,2,1,64
96,36,0,1,75
67,13,1,0,61
66,29,2,2,68
83,26,1,1,70
86,22,1,2,71
68,31,2,0,66
76,22,0,2,66
98,22,1,1,70
70,20,1,0,62
87,27,0,2,72
90,27,1,2,72
78,16,1,0,63
98,12,0,2,69
89,19,1,1,68
78,15,2,2,67
83,20,2,2,71
88,27,1,0,67
84,17,0,0,62
95,20,1,1,69
74,20,1,2,67
72,25,2,1,71
69,7,2,1,87
62,16,1,0,62
62,21,0,2,64
95,27,2,1,74
87,17,2,2,69
86,9,1,2,65
85,24,1,0,66
94,16,1,1,70
79,13,2,2,68
95,16,0,0,70
74,19,2,2,68
97,16,0,2,69
88,7,2,1,66
70,25,1,1,65
83,28,1,1,71
81,24,0,1,66
66,13,1,0,61
84,19,1,1,69
73,20,1,1,65
62,24,1,1,63
98,24,0,1,73
86,16,1,2,68
95,20,1,1,70
87,23,1,1,72
74,29,1,2,68
81,24,1,1,68
87,25,1,2,71
98,21,0,0,68
70,28,0,2,70
95,22,0,1,70
97,15,1,2,69
87,28,1,2,73
97,24,1,1,72
76,17,2,1,67
98,17,1,2,69
88,22,1,0,68
62,23,0,2,64
96,21,2,0,71
79,22,1,2,68
78,30,2,1,70
83,26,2,1,72
66,21,2,0,65
79,26,2,1,70
93,14,1,1,69
61,22,1,1,64
71,31,2,0,67
60,19,2,2,65
77,15,1,0,62
89,16,1,2,68
92,13,2,1,68
98,15,1,1,68
84,18,0,1,68
70,12,1,1,62
97,20,0,1,72
91,25,1,0,69
83,15,2,1,68
88,29,1,0,71
97,23,2,0,69
88,26,2,0,71
75,16,2,1,65
89,25,2,1,68
62,13,1,1,60
75,25,1,1,68
76,21,2,0,66
67,23,1,1,66
61,13,1,1,62
65,15,1,1,61
86,24,1,2,69
92,14,2,1,69
100,23,1,1,74
74,12,2,1,62
84,25,1,1,67
97,13,1,2,69
67,23,0,2,66
89,24,2,1,72
90,16,0,2,69
64,23,2,1,65
94,22,2,1,72
93,17,1,0,69
61,14,2,1,60
64,8,1,2,61
62,22,0,2,63
73,11,1,1,63
80,21,1,1,68
81,18,1,1,68
71,24,1,2,65
96,18,2,1,71
75,18,1,1,64
62,24,1,1,65
72,22,1,2,67
81,22,1,2,67
76,23,1,0,67
71,11,1,0,87
65,25,2,2,67
93,24,1,2,72
100,14,0,1,69
73,19,1,1,65
75,20,1,2,66
85,19,2,2,70
89,22,2,2,71
76,29,2,1,67
96,26,1,2,72
82,12,1,0,63
78,24,0,2,67
86,28,1,0,72
98,22,1,1,72
92,27,1,1,70
62,32,1,2,67
73,26,1,1,68
79,21,1,0,67
73,26,2,2,70
88,21,0,1,67
93,20,1,1,71
89,18,0,2,69
100,29,1,1,74
71,15,0,2,63
95,29,0,1,72
91,23,0,2,71
89,22,1,1,69
64,7,2,2,62
92,24,1,1,69
81,25,0,2,68
72,16,1,2,67
86,21,1,1,71
86,32,1,1,70
68,17,1,2,63
61,14,2,0,60
77,29,1,1,69
83,32,1,1,71
95,20,0,0,69
97,26,0,2,73
81,28,2,1,73
90,16,1,1,68
78,17,1,2,67
90,27,2,1,74
68,30,2,1,68
75,23,1,2,69
85,15,1,2,69
61,32,2,2,68
89,17,2,0,66
93,18,0,0,69
76,22,1,1,66
78,29,1,0,72
91,22,1,1,68
72,23,1,1,66
73,20,0,1,65
87,23,1,1,71
83,5,1,1,61
66,18,1,0,63
72,21,2,1,66
96,13,2,1,69
88,22,2,2,71
99,19,1,2,73
91,31,1,2,72
98,29,2,1,73
69,17,2,0,65
91,19,2,0,71
61,20,1,2,65
87,17,1,1,67
79,21,2,1,69
74,15,2,0,63
94,13,2,0,68
94,24,0,2,70
61,24,1,1,64
84,15,1,1,64
75,25,2,0,68
77,16,2,1,65
72,25,1,1,66
98,20,0,2,70
67,23,1,1,66
87,17,1,1,69
87,19,2,2,69
70,19,2,2,64
73,16,1,1,64
93,19,1,0,69
90,11,1,1,67
73,17,1,0,63
81,18,2,0,67
62,18,2,1,65
68,19,1,1,64
79,20,1,2,68
63,23,1,0,64
94,25,1,2,70
89,16,1,2,70
98,13,0,2,67
88,14,2,2,69
98,17,1,2,70
84,15,0,1,65
99,12,2,1,66
86,17,2,2,70
61,21,0,1,63
96,17,2,2,74
92,18,1,1,70
83,14,1,2,66
87,20,2,0,68
100,15,0,1,67
64,23,1,1,66
87,9,1,2,65
71,18,1,0,66
86,22,1,2,69
84,21,1,0,67
66,36,2,0,69
68,22,1,1,66
85,14,1,1,64
65,19,1,1,61
71,9,2,0,61
93,20,1,1,70
73,15,2,1,65
80,25,0,2,67
98,17,1,0,69
69,19,0,1,63
76,16,1,1,66
84,30,1,2,73
90,18,2,2,68
96,31,2,2,74
97,25,1,0,70
91,23,0,2,68
69,22,2,2,67
61,22,1,2,65
75,8,1,1,66
66,18,1,2,64
88,25,1,1,72
86,20,1,1,70
62,12,1,1,60
93,20,1,1,68
70,30,2,1,71
77,27,1,1,68
87,20,1,2,67
77,26,1,1,70
78,18,2,1,65
63,10,1,1,60
76,14,0,2,65
91,29,1,1,70
97,18,0,0,69
77,19,0,2,64
77,18,1,0,67
88,31,1,0,73
98,30,2,1,74
71,33,0,1,67
78,19,2,0,66
92,22,1,1,69
84,11,1,2,64
64,29,2,1,69
85,13,2,0,66
67,21,1,2,65
80,13,1,1,67
81,16,2,1,67
95,15,1,1,68
78,16,0,1,65
71,17,0,1,66
69,17,1,2,65
95,25,1,1,71
67,13,2,1,63
77,21,0,2,70
67,27,2,2,70
91,17,1,0,67
79,16,1,2,68
74,19,0,1,63
74,27,2,1,70
94,21,1,1,69
82,17,1,1,66
89,23,2,0,70
96,13,2,1,68
96,24,1,1,70
73,22,2,0,67
61,15,0,2,64
75,15,1,2,62
96,23,1,1,71
71,16,2,1,62
72,23,1,0,66
84,7,2,1,64
78,16,2,0,66
89,20,1,2,72
96,15,2,2,71
87,14,2,1,65
68,16,1,1,65
97,22,2,1,70
71,19,2,1,68
66,7,0,2,57
64,7,2,1,59
83,16,0,0,64
65,23,1,2,67
66,4,2,0,60
72,17,2,2,67
84,28,1,1,71
93,18,1,0,67
90,22,1,1,69
70,21,1,2,68
70,7,1,1,59
99,25,2,2,75
60,21,1,1,59
95,23,1,2,71
68,44,0,2,71
98,7,1,1,66
74,30,0,1,69
78,18,1,2,65
88,22,1,1,68
84,20,0,2,68
73,17,1,1,67
82,17,1,2,68
62,11,1,2,88
60,25,2,1,66
78,18,0,2,67
65,13,2,1,63
87,17,2,1,68
69,28,0,2,65
77,17,1,2,67
68,22,2,2,67
82,16,1,1,67
65,25,0,1,64
62,31,1,1,65
98,19,2,0,70
66,24,2,1,67
88,21,0,2,68
63,28,1,1,65
64,16,1,2,63
80,24,2,1,72
79,19,1,2,68
98,21,1,2,71
91,22,2,1,70
84,19,1,2,68
78,21,2,1,68
74,29,1,1,68
98,26,2,0,71
84,25,1,1,70
83,17,1,2,67
69,15,1,0,61
62,26,0,2,64
98,25,1,0,72
73,29,1,2,67
78,16,0,2,65
65,19,0,1,64
93,10,1,0,66
61,18,1,1,62
93,26,1,0,70
66,17,1,1,64
95,24,0,1,70
89,19,0,1,66
67,22,2,0,62
83,13,0,0,63
73,21,1,0,66
67,2,1,1,58
94,19,2,1,70
76,10,0,1,63
67,25,1,2,65
75,23,0,1,67
95,29,1,2,73
75,14,1,1,82
98,30,1,0,71
98,26,1,1,73
66,19,2,1,65
67,27,1,2,67
95,13,1,1,67
76,15,2,2,69
60,16,2,1,61
71,17,0,1,64
84,14,2,0,64
92,27,1,0,68
65,18,0,1,62
64,22,1,1,66
97,17,0,2,70
90,9,1,2,67
84,22,1,1,70
91,9,1,1,65
77,20,1,0,65
90,12,2,1,70
75,32,1,2,72
70,25,1,1,65
89,21,2,2,71
77,28,2,2,71
99,15,2,1,72
74,23,0,0,64
97,21,1,1,72
97,22,1,0,71
70,28,1,1,66
92,24,0,2,71
77,22,1,1,67
97,10,2,2,69
78,14,1,2,67
90,19,1,2,71
69,13,2,2,62
68,34,1,1,67
77,29,0,1,70
90,24,2,2,72
84,20,2,2,69
88,19,2,1,70
71,14,2,2,64
79,20,1,1,65
62,22,2,1,66
93,13,1,0,68
100,22,1,1,72
76,19,0,1,65
60,9,0,1,60
67,15,1,1,63
86,18,0,0,66
84,31,1,0,73
92,23,1,1,71
70,12,1,1,59
91,23,0,1,70
88,11,0,1,63
73,26,1,1,67
82,17,1,0,65
66,19,0,1,64
78,28,1,2,71
95,12,2,1,70
77,12,0,1,63
94,16,1,0,68
84,26,1,1,67
68,11,2,1,66
83,3,0,2,63
80,17,1,1,65
76,23,2,1,66
65,27,1,1,65
77,17,1,0,65
63,18,0,2,63
64,27,2,1,65
77,9,2,0,62
72,18,1,1,66
97,21,0,1,71
75,23,0,0,64
90,17,1,1,67
81,20,1,1,68
88,5,1,1,63
70,16,1,0,64
98,23,2,2,74
81,14,1,0,68
93,20,1,1,68
75,23,2,2,69
64,18,1,0,61
87,21,2,0,69
60,14,0,0,61
79,19,2,1,67
68,24,2,0,63
85,21,1,1,68
99,16,1,1,68
79,21,0,1,67
93,24,1,0,69
80,8,1,2,64
80,27,0,0,67
97,18,2,1,70
96,23,2,0,72
91,27,2,0,71
72,12,1,1,62
82,16,1,1,67
69,18,2,1,64
78,15,1,1,64
79,30,1,2,70
93,15,1,1,68
96,17,1,1,70
77,21,0,1,65
61,13,0,0,59
94,18,1,1,69
67,22,1,1,67
85,18,2,1,68
61,19,1,1,62
76,17,1,2,65
99,11,1,2,69
64,22,1,1,65
77,31,0,2,68
72,20,0,2,68
96,21,1,2,71
95,24,0,1,71
70,12,1,2,66
63,30,2,1,71
85,21,1,1,66
73,30,0,2,66
61,31,1,1,65
65,25,0,2,66
87,23,0,1,67
68,21,1,1,66
94,19,1,1,69
62,27,0,2,66
69,21,1,2,64
100,8,2,2,70
77,13,1,0,62
88,19,1,0,67
67,22,1,0,60
84,20,0,0,66
89,27,1,1,72
73,8,2,1,63
93,21,0,0,69
84,9,2,2,66
76,25,1,1,69
82,19,1,2,68
83,23,0,1,66
67,15,1,1,63
76,28,1,1,70
74,26,1,1,68
76,24,1,1,68
90,19,1,1,67
79,23,2,2,67
98,16,0,2,69
72,25,1,1,68
77,30,0,1,67
91,26,1,2,70
82,16,2,2,70
82,22,0,1,66
62,12,2,2,61
76,23,2,0,68
71,23,1,0,64
100,9,0,0,66
95,18,2,1,73
87,18,0,0,66
74,13,2,2,65
82,22,2,1,68
94,22,1,1,69
95,19,2,0,72
66,15,1,1,63
74,26,1,0,65
73,30,1,2,69
62,17,0,2,62
84,16,2,1,66
94,23,0,0,69
75,18,1,2,67
90,19,2,1,94
85,24,1,1,71
75,9,1,1,61
66,28,1,2,68
88,20,1,1,66
94,18,2,2,71
87,19,1,0,66
61,20,1,0,60
69,10,1,1,60
63,29,0,0,66
83,20,0,1,67
90,23,0,0,67
64,26,1,1,64
94,14,1,1,66
82,23,0,2,68
88,18,0,2,70
99,25,1,2,75
63,7,2,2,86
96,19,1,1,73
65,16,0,1,61
76,23,2,2,68
94,23,2,1,70
96,16,1,1,71
80,16,1,2,71
84,19,1,1,68
88,15,2,2,70
93,25,1,1,70
65,18,2,1,62
92,3,0,2,67
79,18,1,1,68
78,14,2,2,68
77,10,2,2,64
80,13,2,1,68
98,21,2,0,69
82,28,2,1,70
98,22,1,1,73
67,16,1,2,66
89,23,1,0,68
92,17,1,0,68
87,16,1,0,65
84,13,1,1,66
83,9,0,2,62
94,18,0,0,67
93,21,2,1,73
65,19,0,1,65
94,18,0,2,70
77,14,1,2,68
70,24,1,2,67
95,12,1,0,66
77,25,0,1,65
92,14,0,2,66
71,15,2,2,66
60,11,2,1,60
80,17,0,2,66
64,26,1,2,68
90,23,1,1,72
71,26,2,0,68
78,23,1,1,67
63,13,1,2,62
71,18,1,1,66
91,15,1,2,69
66,28,1,1,64
86,13,1,0,63
87,25,1,2,72
92,31,1,1,71
64,18,2,0,64
70,24,2,2,65
96,34,1,1,75
89,16,1,2,69
86,11,1,1,65
87,9,0,0,60
77,24,1,1,69
62,9,2,2,65
91,18,1,0,67
87,23,0,2,70
79,21,0,1,66
96,23,1,1,69
73,21,1,1,69
72,28,1,2,68
95,14,1,1,70
92,16,0,1,66
81,15,1,2,65
65,25,1,0,65
69,25,1,0,65
86,23,1,0,69
75,27,1,1,69
93,13,2,1,65
98,30,2,2,76
92,29,2,1,72
75,24,0,1,67
92,31,1,2,74
74,10,1,1,66
67,17,2,2,66
61,16,2,1,66
75,24,2,0,71
96,14,0,1,66
70,25,2,0,65
68,28,2,0,69
99,24,0,1,69
91,14,1,0,68
61,27,1,1,64
97,25,2,1,73
66,20,2,0,66
82,17,2,1,67
71,8,1,2,63
63,14,1,1,61
62,31,1,1,71
65,12,1,0,61
63,21,0,1,62
90,26,2,2,74
79,12,1,1,65
74,21,0,0,64
77,26,0,0,66
96,37,1,2,76
89,10,1,1,67
95,26,2,1,71
73,19,1,2,65
75,25,0,0,68
85,23,1,1,68
85,16,0,2,67
79,21,0,1,64
76,9,2,0,60
93,22,1,2,73
77,24,1,1,69
89,26,1,2,70
71,22,1,1,64
64,21,0,2,64
74,15,1,2,65
76,16,1,1,62
93,29,1,1,72
74,19,0,1,64
83,20,1,1,67
63,15,2,2,64
67,27,1,0,61
96,24,2,1,72
84,32,1,1,70
98,15,2,1,70
100,18,1,1,71
75,21,2,2,68
72,24,1,1,68
94,19,2,2,70
100,15,2,2,73
85,25,1,2,69
92,24,2,1,71
91,15,1,0,64
74,28,1,1,68
83,27,1,1,69
93,21,0,2,70
61,23,2,1,66
73,15,2,1,65
66,20,2,1,66
69,7,1,0,61
96,25,1,0,71
61,11,0,2,60
69,29,1,1,66
72,18,0,0,61
85,19,1,1,68
81,16,2,1,68
69,18,1,1,65
67,29,0,2,65
69,5,1,1,60
80,28,1,0,67
71,22,1,2,65
98,13,1,2,70
79,14,1,1,64
62,30,2,1,68
89,14,1,2,69
73,13,2,1,65
86,27,1,1,71
71,22,1,1,65
83,14,2,1,65
91,21,1,1,68
97,14,0,1,66
70,27,0,0,65
73,26,2,2,71
79,23,1,0,68
97,22,1,1,70
64,20,0,2,62
65,13,2,1,61
80,23,2,2,70
74,14,1,1,62
66,18,2,2,65
85,22,1,2,68
98,20,2,1,70
100,14,0,1,68
75,27,1,0,69
84,34,2,1,73
94,21,1,1,71
65,15,2,0,63
88,11,1,2,66
76,22,0,2,67
76,23,0,1,66
63,20,2,2,69
88,16,2,1,72
70,13,2,1,63
72,25,2,1,67
65,25,1,0,64
95,11,1,1,68
80,30,2,2,71
83,23,0,1,67
83,28,0,1,67
76,12,1,1,64
68,12,0,2,63
90,19,2,2,72
65,23,1,0,63
64,31,1,2,67
88,24,1,0,68
68,19,2,0,64
72,14,2,1,65
79,27,0,1,68
78,14,2,1,66
88,30,1,1,73
85,18,1,0,68
86,30,2,1,72
89,24,1,1,70
72,19,1,1,66
73,17,1,0,66
78,18,0,0,66
72,23,0,2,65
99,20,0,2,71
93,16,1,0,66
60,20,1,1,63
62,7,1,2,58
65,14,1,2,61
81,13,2,1,65
94,10,0,2,67
89,9,2,0,67
69,12,0,2,62
76,16,2,1,86
80,32,1,2,71
92,17,1,1,70
94,21,1,1,71
96,22,0,2,71
80,21,2,2,70
88,20,2,1,67
64,13,0,1,60
83,29,2,2,73
70,31,0,2,67
77,10,2,0,62
85,14,2,1,67
70,18,0,2,65
62,14,1,1,61
60,23,1,2,61
61,16,1,2,60
60,33,2,2,68
64,27,1,2,65
70,21,2,2,67
69,26,0,2,67
99,27,1,2,74
72,17,1,0,64
65,15,2,1,64
82,20,0,1,67
94,25,2,2,74
87,21,1,1,69
72,11,1,0,62
89,20,2,2,69
89,20,1,2,68
87,32,1,2,74
95,12,1,1,68
95,23,1,1,73
83,29,0,1,70
77,34,2,1,69
86,18,1,1,68
93,23,2,1,71
60,23,1,0,64
100,21,1,1,71
67,19,1,1,65
79,23,1,0,68
95,5,2,1,67
69,24,2,1,67
79,21,0,1,67
65,19,2,1,63
76,32,1,1,68
67,16,2,2,66
75,18,1,1,67
75,32,0,1,68
100,15,1,2,72
100,17,1,1,70
65,19,2,0,62
89,25,0,1,69
62,21,0,1,61
61,12,0,1,58
64,17,1,0,63
99,16,1,2,71
98,20,1,0,70
68,23,1,2,64
66,23,0,2,63
70,9,1,2,63
81,26,0,2,71
83,22,2,0,65
69,28,2,2,68
90,23,2,1,70
72,27,2,2,68
97,23,2,1,69
86,28,1,1,70
77,23,1,2,67
92,19,2,0,69
72,25,1,1,68
74,23,1,2,67
97,12,2,1,67
67,12,2,1,64
62,22,1,2,63
78,21,2,0,67
92,16,2,1,70
91,21,1,2,71
97,30,2,1,74
81,24,2,1,70
64,13,0,0,59
84,19,1,0,64
91,15,1,0,67
64,18,1,1,63
67,18,2,0,66
60,17,1,1,62
84,12,1,0,65
95,19,2,2,73
87,17,2,2,70
99,2,0,1,62
63,32,2,1,68
96,27,0,2,74
93,18,1,1,96
73,20,2,2,66
99,13,2,0,69
72,30,2,2,70
96,31,0,1,73
95,21,0,0,69
90,26,2,2,71
83,21,0,2,65
65,12,0,1,62
74,21,1,0,65
92,17,1,1,68
90,19,0,0,65
96,19,2,1,72
61,20,2,2,67
92,20,0,1,68
98,14,1,0,68
92,16,1,1,66
65,12,2,1,62
63,26,1,1,65
61,7,2,0,60
85,27,1,2,70
85,28,1,1,68
99,18,2,1,72
76,4,1,1,63
73,18,2,1,63
85,20,1,0,67
97,17,1,1,69
92,29,1,2,75
77,24,1,0,67
85,14,2,2,69
94,10,1,0,65
80,18,2,0,65
69,19,1,1,63
67,23,1,0,65
60,17,0,1,58
89,23,2,2,70
64,32,0,0,66
70,25,0,1,63
72,20,0,1,62
82,19,1,1,69
76,18,1,1,66
87,27,0,2,68
62,16,1,0,62
65,20,1,2,64
80,20,2,1,65
73,17,2,1,64
72,12,1,1,65
63,22,1,1,65
96,20,1,0,70
88,23,2,0,71
65,17,1,1,65
63,27,1,2,67
99,15,2,0,68
87,30,2,2,73
77,10,2,1,64
88,23,2,2,71
90,23,2,1,70
91,15,2,0,68
79,23,1,2,68
77,28,2,0,68
60,7,2,1,59
97,23,1,1,74
84,5,1,1,62
68,14,0,2,64
97,30,2,2,76
97,17,1,2,70
100,13,1,2,69
100,32,2,0,74
70,9,1,2,62
94,14,1,1,70
93,29,1,0,71
69,31,0,1,68
64,19,0,2,66
99,13,1,0,67
72,33,1,2,71
95,30,1,1,74
60,24,1,0,65
61,15,0,2,60
79,20,2,2,69
70,19,1,1,65
88,22,0,1,69
83,29,0,1,70
63,25,0,2,65
67,14,0,0,57
76,28,1,1,68
67,22,2,2,67
92,24,1,1,70
77,29,1,1,68
64,13,2,2,62
79,20,1,2,67
64,17,2,2,66
65,11,0,1,60
94,35,1,2,75
97,9,1,0,67
93,20,2,1,71
73,24,0,0,63
71,21,1,2,67
82,19,1,2,68
89,12,0,2,65
100,21,2,0,72
65,15,1,1,61
62,7,2,0,60
88,27,2,2,72
93,26,1,1,72
94,20,1,0,70
87,21,1,0,67
98,26,1,1,71
80,21,0,1,66
97,25,2,2,72
99,18,1,1,70
94,28,0,1,71
72,22,0,0,64
68,21,1,1,66
82,12,0,2,64
78,22,1,1,67
95,15,0,0,67
64,16,0,2,64
70,15,1,0,61
90,14,2,2,99
64,33,1,1,67
73,28,2,1,72
75,32,0,0,66
85,13,2,0,68
66,20,0,2,64
94,12,2,2,69
78,16,2,1,65
97,14,2,0,66
79,27,2,2,73
66,26,1,1,66
60,24,1,1,65
81,34,1,1,71
64,11,0,1,58
76,28,1,1,68
84,27,1,1,69
71,14,0,2,63
67,26,1,1,66
91,22,1,1,69
98,19,0,1,69
64,15,1,2,63
66,16,2,0,65
98,32,2,0,76
62,20,1,2,67
99,25,1,0,70
60,15,0,1,60
95,15,0,2,68
72,26,1,1,68
98,12,2,0,70
73,18,2,1,68
86,20,2,2,69
63,21,1,1,62
70,19,0,2,64
91,22,1,2,71
81,24,1,1,68
97,24,1,2,72
77,14,1,1,64
95,18,2,1,73
78,27,2,1,69
99,25,1,0,70
98,12,2,1,69
73,22,0,1,64
95,8,1,1,66
94,20,1,1,69
68,31,1,2,68
85,14,0,1,65
63,15,0,2,62
93,25,2,2,75
67,11,1,1,60
63,16,2,1,63
76,24,0,1,66
83,16,1,2,67
94,19,1,0,68
99,24,1,1,72
78,23,1,0,66
62,22,1,1,63
90,18,2,1,71
83,22,1,0,67
78,19,1,1,66
72,23,1,2,66
80,17,2,2,68
74,19,1,1,66
90,14,1,2,68
82,20,1,2,68
95,15,1,0,68
82,13,2,1,66
70,22,0,2,66
94,21,2,1,70
82,25,1,2,68
68,17,1,1,65
85,22,2,0,70
74,23,1,1,66
94,23,2,1,68
78,15,1,1,64
89,21,1,1,69
64,22,1,1,65
76,20,2,1,69
99,7,2,0,66
92,21,0,2,68
66,33,1,1,70
71,18,1,2,65
73,16,1,2,65
86,22,0,1,68
90,22,1,0,67
90,27,2,2,72
80,12,2,2,70
92,24,2,0,72
77,24,2,2,71
65,19,1,0,64
83,22,2,0,69
98,26,1,1,73
92,25,2,0,70
83,13,1,2,68
86,25,1,2,71
97,20,2,1,71
77,20,2,0,66
73,20,2,1,68
99,19,2,1,70
95,27,1,1,72
73,19,2,0,66
79,13,2,1,65
77,18,2,1,66
66,21,1,2,65
98,27,0,2,72
76,24,1,1,68
95,15,1,1,68
68,35,2,0,67
82,22,1,1,68
61,28,1,2,67
91,19,2,1,69
83,23,0,0,65
85,25,1,1,70
62,27,1,2,64
68,26,1,1,66
63,25,1,0,64
72,18,2,2,66
85,17,1,1,67
83,22,0,1,68
84,26,1,1,71
82,19,0,2,67
71,26,1,2,69
70,29,0,1,67
65,15,2,0,61
94,15,1,1,68
85,19,0,0,67
67,22,1,0,64
67,17,1,1,63
95,28,1,0,72
90,23,1,2,69
86,20,2,0,66
76,11,1,1,64
70,12,1,0,61
99,22,2,1,71
92,7,1,0,63
72,26,0,1,65
94,19,0,2,71
90,39,2,2,78
72,34,2,1,73
77,19,1,0,65
67,19,1,0,66
64,26,0,2,66
89,30,1,1,74
71,10,0,1,62
93,9,0,2,66
100,16,2,2,71
63,23,1,2,67
79,23,0,2,69
92,26,2,1,72
92,13,2,2,72
90,6,1,1,65
74,25,2,2,71
78,15,1,1,64
84,8,0,1,61
99,21,0,1,69
73,25,1,0,65
97,19,0,1,69
71,17,1,1,64
100,19,0,1,69
87,18,1,1,68
79,12,0,1,63
85,16,1,0,66
71,22,1,2,66
65,21,1,1,67
65,14,2,1,62
74,19,2,1,66
91,7,1,2,68
84,21,1,1,68
64,29,1,0,63
94,11,0,2,66
98,22,1,2,72
87,28,1,1,70
67,17,0,2,63
79,16,1,1,65
86,8,0,2,65
61,21,2,2,66
61,32,1,2,68
65,22,0,1,64
70,20,1,2,66
77,22,1,0,68
79,20,1,0,64
66,15,1,1,62
87,25,1,1,67
84,21,2,0,67
72,20,1,1,65
61,14,1,0,59
63,28,2,1,66
76,24,0,2,68
66,17,1,2,63
75,26,0,1,68
85,17,0,2,68
82,15,1,1,66
85,23,1,2,68
94,9,0,2,66
90,13,2,1,69
82,8,2,1,64
74,19,1,1,68
75,19,2,1,66
95,18,1,1,68
62,14,2,1,62
100,13,0,1,68
87,23,2,1,69
87,17,2,2,70
62,22,1,2,65
84,15,1,0,68
79,21,2,1,67
64,28,1,0,64
96,18,0,1,67
82,22,0,2,66
77,19,0,2,67
63,20,1,1,63
89,18,1,1,69
88,19,2,2,70
85,21,1,2,70
80,14,1,2,65
77,14,0,0,64
84,12,2,1,67
69,10,1,0,61
98,13,2,1,70
84,21,0,2,68
72,15,1,1,64
78,23,1,2,68
92,20,0,1,68
72,24,1,0,65
87,25,1,0,69
73,14,2,1,63
92,23,1,0,69
65,15,0,2,61
91,21,2,0,69
63,12,1,2,62
61,9,2,0,58
96,18,2,1,71
83,19,0,2,69
74,18,1,2,68
69,13,0,1,61
85,18,1,2,67
80,22,2,1,68
100,20,1,1,72
99,21,0,2,71
85,16,1,1,67
78,27,1,1,68
80,13,1,1,64
87,23,2,1,73
64,27,1,0,65
73,23,2,0,67
63,19,1,2,63
63,17,1,1,63
68,26,1,1,69
79,11,2,2,68
91,14,1,1,68
79,18,2,2,69
73,27,2,2,73
63,22,2,2,66
82,14,1,1,68
71,18,1,1,65
85,16,1,1,67
99,16,1,1,70
64,26,2,1,66
68,12,2,1,64
79,30,2,1,69
99,25,1,0,71
91,27,0,1,68
96,17,1,2,68
73,19,1,0,66
100,11,2,0,70
64,17,2,1,65
62,23,0,1,63
94,28,1,0,70
97,13,1,0,67
64,18,1,1,63
65,19,1,2,64
61,12,1,0,60
64,24,1,1,62
68,16,2,1,65
99,19,0,0,69
87,17,2,1,68
91,15,1,1,66
91,20,2,2,72
81,19,2,1,68
92,18,1,1,69
84,16,1,1,65
73,22,1,2,65
82,30,1,0,70
81,21,0,1,67
93,26,1,2,73
99,12,2,2,70
76,21,1,1,66
91,13,1,1,68
64,11,1,1,61
91,16,2,1,70
75,27,0,1,66
62,26,1,2,67
75,21,2,2,69
84,11,0,1,64
65,19,1,2,65
97,22,1,2,75
63,21,1,2,63
97,9,1,2,69
88,15,2,1,68
73,20,0,1,66
76,23,1,0,66
90,7,1,0,66
84,19,1,1,68
87,21,1,0,65
76,25,2,1,70
80,24,2,1,68
100,23,1,1,70
69,15,1,0,61
77,9,0,0,61
72,18,2,0,64
91,26,1,0,71
91,28,1,2,72
72,24,2,1,66
63,23,1,1,63
60,22,0,0,62
76,19,1,1,66
100,30,2,0,72
79,14,1,2,68
70,30,0,2,70
96,18,1,1,70
80,28,2,1,73
84,12,2,1,67
64,24,0,1,65
75,16,0,2,65
98,12,1,0,65
84,21,1,1,70
74,26,0,1,66
85,15,1,1,65
96,11,2,2,68
71,19,1,1,66
80,19,1,0,65
98,23,2,1,71
67,26,1,0,65
89,20,1,0,70
85,31,1,1,69
87,21,1,1,71
74,18,2,1,67
87,18,0,0,82
69,18,2,1,66
77,26,1,0,66
68,23,1,2,65
60,13,1,1,61
99,21,2,1,72
77,24,1,2,70
99,29,1,1,71
66,25,1,2,84
83,25,2,2,72
68,20,2,1,67
92,22,0,2,72
91,27,2,0,70
65,12,2,1,62
96,18,1,2,71
68,15,1,0,62
85,22,1,1,68
99,27,1,2,74
95,16,2,2,68
98,6,0,1,64
74,18,1,2,65
64,25,0,1,66
68,23,2,1,68
80,23,1,1,67
92,18,1,1,67
66,12,2,1,63
86,23,2,1,71
73,15,2,1,63
74,33,0,1,66
86,23,1,2,67
79,17,2,1,66
92,16,1,1,70
66,19,1,2,64
92,19,1,1,71
63,27,2,2,68
68,21,1,0,64
86,16,1,1,66
94,31,1,0,72
70,20,1,0,66
81,16,1,1,66
68,22,1,2,68
92,22,0,1,70
91,9,1,1,64
66,32,2,2,71
79,28,2,1,72
91,18,1,2,71
73,13,0,1,63
85,22,1,0,68
62,21,1,1,63
84,22,1,1,66
66,21,1,1,63
93,23,2,2,72
74,29,2,1,70
71,23,1,1,65
94,14,2,1,67
62,28,2,0,66
76,30,1,1,69
75,39,2,1,73
71,13,2,1,66
96,21,1,1,70
90,8,2,2,68
63,23,1,0,65
89,17,1,1,67
81,32,1,2,71
96,15,2,2,70
73,10,0,1,61
83,17,1,2,69
80,8,1,0,63
80,25,1,1,67
78,8,1,2,65
68,20,1,2,63
90,8,1,1,67
78,18,2,0,66
98,30,1,0,72
70,22,2,1,68
87,15,1,2,67
98,20,1,1,72
87,20,2,1,66
95,23,1,1,73
93,12,2,2,71
74,24,0,0,65
84,4,1,1,65
66,16,1,2,65
81,17,1,1,68
69,24,1,2,70
90,20,0,1,68
81,12,1,0,62
76,14,1,1,66
71,21,1,1,65
100,20,1,1,71
63,17,1,1,61
62,17,1,1,63
69,24,2,1,67
99,17,1,1,70
99,19,1,1,73
95,11,1,1,69
69,9,1,0,61
66,16,1,1,64
64,18,1,0,61
64,15,1,1,63
83,18,0,1,65
91,30,1,2,73
75,25,0,1,68
99,25,1,1,72
77,12,0,0,62
66,13,1,2,63
79,3,1,0,58
87,15,1,1,68
93,26,2,2,74
78,23,1,1,68
84,19,1,1,67
71,20,1,1,65
86,16,0,0,63
99,21,0,1,71
62,25,0,1,62
95,10,0,2,66
82,22,1,0,65
70,26,1,2,66
98,18,0,2,71
79,24,2,0,68
73,37,2,1,72
67,19,2,1,66
70,22,0,1,66
93,16,2,0,67
85,21,2,0,71
97,23,2,2,72
69,21,1,0,64
65,14,2,0,60
60,21,0,2,64
80,29,0,1,70
100,23,0,1,72
88,26,2,1,68
72,19,0,1,62
95,24,0,1,68
61,14,0,1,60
93,22,2,1,72
72,14,2,0,65
66,16,0,1,63
69,21,0,1,66
79,22,1,0,65
77,13,2,1,65
72,26,2,0,67
67,23,1,1,65
90,16,1,2,67
100,11,1,1,66
91,19,2,0,71
72,17,1,1,64
70,21,0,0,61
69,18,2,2,65
65,8,1,1,61
82,18,0,2,64
84,18,2,2,69
88,24,1,1,71
87,16,1,2,70
72,30,1,2,70
73,9,1,1,62
87,28,1,1,73
74,19,2,1,66
69,25,1,1,66
75,20,1,0,66
71,27,1,1,66
64,18,1,1,65
93,13,0,0,67
94,29,1,2,76
69,19,1,1,66
63,21,1,1,63
90,27,1,1,71
68,14,2,1,63
76,24,0,2,67
63,16,1,1,63
69,19,1,2,66
92,20,1,1,72
92,11,1,2,70
68,15,0,2,62
73,28,1,2,69
65,25,1,0,66
63,20,1,1,64
100,21,1,0,70
86,18,1,1,67
82,28,2,1,71
91,19,1,1,69
94,21,0,2,70
92,27,1,1,70
61,15,0,2,61
67,29,2,0,65
86,11,2,1,67
75,30,0,1,70
87,19,2,0,68
98,9,2,2,69
68,17,1,1,65
95,14,1,2,68
73,16,1,2,67
100,19,2,1,70
66,26,2,2,68
81,21,1,2,69
92,22,0,2,70
77,13,2,2,67
79,15,2,2,70
99,31,0,1,74
77,16,0,1,63
84,30,1,2,72
62,19,1,2,62
94,20,1,1,71
86,26,0,1,68
76,28,2,1,72
61,19,2,1,64
84,18,0,0,64
61,20,2,0,63
60,22,1,2,66
85,25,1,1,71
68,20,2,1,70
68,24,1,2,67
86,30,2,2,73
62,22,1,0,64
73,22,1,0,65
66,11,1,1,62
83,4,1,2,64
86,22,1,0,67
89,19,2,1,74
70,17,1,2,63
64,21,0,2,64
63,20,0,1,64
77,27,2,0,70
98,21,1,1,71
69,16,1,1,63
64,19,2,1,65
84,23,2,1,70
87,17,0,0,65
86,16,1,2,68
94,21,2,1,72
79,20,2,1,67
65,23,2,2,65
72,18,1,1,66
86,9,2,2,67
85,17,0,1,65
81,25,1,1,68
87,18,1,1,68
85,19,2,1,69
95,26,0,1,71
83,16,1,1,64
70,19,1,1,64
87,17,1,1,67
96,14,2,1,70
75,19,2,1,66
91,23,1,2,70
89,20,2,1,70
62,22,1,2,64
83,31,2,0,71
65,18,2,1,63
99,22,1,1,72
92,17,2,2,72
64,15,0,2,61
65,16,0,2,63
84,17,2,0,67
74,22,0,2,67
61,34,0,1,65
82,16,1,0,64
76,18,0,1,69
64,20,2,1,65
92,22,2,2,71
97,22,1,1,70
90,28,1,0,98
93,5,1,1,65
69,6,1,2,63
71,17,1,1,61
68,27,0,1,67
91,11,1,1,64
98,2,1,2,65
89,23,2,2,73
95,21,2,1,69
86,13,2,1,67
76,14,1,2,63
77,14,2,2,67
63,21,2,0,66
61,16,2,1,64
88,23,0,2,68
78,3,1,1,61
82,15,1,1,66
82,13,1,1,65
71,18,2,1,65
79,17,1,1,67
79,25,1,2,68
76,9,1,1,63
93,20,1,2,70
78,23,2,2,68
84,31,1,1,69
96,17,1,2,67
95,22,1,1,69
96,9,0,1,65
71,6,2,1,61
61,25,2,1,65
70,20,1,0,67
71,27,2,1,66
96,12,1,1,69
86,23,1,1,71
63,31,2,2,68
65,23,1,2,65
66,22,1,1,64
85,20,0,1,68
89,11,2,0,64
94,28,2,1,71
98,16,1,2,70
68,23,1,2,68
72,11,1,1,63
70,13,2,1,61
74,29,0,1,66
97,18,2,1,75
83,29,2,2,71
90,20,1,1,69
80,9,0,2,62
61,25,1,1,65
63,16,0,1,61
82,24,1,1,69
89,20,0,0,66
69,11,1,2,64
89,21,1,2,69
92,33,2,2,78
76,23,2,0,68
76,26,1,0,68
87,21,0,0,68
91,21,1,1,69
100,13,0,1,68
74,21,0,2,80
76,26,1,1,67
67,15,1,0,64
68,29,0,1,64
88,19,1,1,68
97,15,1,0,67
76,26,1,1,65
67,18,2,2,66
71,25,0,1,67
78,18,1,2,64
72,20,0,1,66
69,23,0,1,63
89,22,2,1,71
60,8,1,2,62
82,13,2,1,64
92,26,1,0,72
71,19,1,2,65
84,17,2,0,67
87,12,2,2,65
86,14,0,0,63
78,8,2,2,65
74,19,1,1,67
93,16,1,1,67
90,14,1,0,65
73,20,2,1,64
64,22,0,2,64
63,33,2,2,69
64,11,1,1,60
83,27,1,1,70
62,26,2,0,66
73,15,1,1,66
90,21,0,1,68
91,21,2,1,70
90,29,1,1,72
70,24,0,0,64
90,17,2,1,67
76,11,1,0,64
68,19,2,2,64
81,27,2,1,72
97,11,0,0,66
86,14,1,2,68
67,21,1,1,95
87,14,0,1,64
77,15,1,1,64
84,17,2,0,68
89,12,0,1,67
81,14,1,1,67
93,24,1,2,71
89,12,0,1,63
85,10,1,1,66
66,16,2,2,65
93,24,0,1,68
97,19,0,1,68
65,17,2,1,62
80,20,1,0,67
70,10,2,2,65
90,23,1,2,71
89,22,2,1,71
66,18,1,2,61
95,26,1,1,70
67,13,0,1,60
92,27,1,0,70
78,21,2,1,67
73,18,1,1,66
66,20,0,0,63
67,19,1,1,65
86,27,1,2,75
82,14,1,2,66
65,15,1,1,61
65,26,1,1,65
63,16,1,0,61
90,25,2,2,73
88,30,1,2,73
62,18,1,1,63
82,24,1,0,67
63,13,2,1,62
96,25,0,0,71
96,21,1,1,70
88,23,1,1,70
97,16,1,1,69
92,10,1,1,66
93,23,2,0,72
83,8,0,2,63
72,18,1,0,65
69,26,2,2,71
73,21,1,1,66
85,32,0,1,69
67,26,1,0,62
70,16,2,2,66
79,20,0,1,66
69,20,0,1,64
97,14,1,1,68
90,17,1,1,68
87,8,2,2,67
83,20,0,2,67
80,19,2,2,68
67,10,1,2,65
96,22,2,0,74
70,24,2,1,85
64,21,1,1,64
90,18,1,0,67
67,24,2,2,68
75,24,1,0,67
61,22,1,2,65
65,15,2,2,63
67,22,1,1,64
62,27,0,0,62
86,16,2,0,68
93,33,1,1,75
75,17,0,1,63
95,20,0,1,68
69,16,1,1,63
73,21,2,2,68
66,10,2,1,62
85,17,1,0,67
77,13,2,2,66
85,21,1,1,65
90,26,1,1,69
85,6,1,2,64
97,32,1,2,75
72,22,0,0,66
74,15,0,1,62
89,21,1,0,70
84,21,2,2,68
67,16,2,1,66
75,21,2,0,65
79,16,1,2,68
77,18,1,2,68
67,16,1,1,62
97,11,1,0,66
90,21,0,1,68
79,24,1,2,69
87,23,0,1,67
96,25,2,0,74
65,22,1,0,61
70,17,1,2,64
82,25,1,1,69
92,12,1,2,66
61,15,1,1,61
99,14,1,1,71
78,26,2,2,71
74,26,1,1,69
72,23,1,1,66
67,26,1,0,64
92,15,1,0,68
98,22,1,2,71
77,19,1,2,66
98,25,1,1,94
93,19,2,0,68
79,18,1,1,66
87,23,0,2,70
77,25,1,1,68
62,20,1,1,64
88,14,1,2,69
62,5,2,2,59
93,21,1,0,70
93,24,0,2,72
69,22,1,0,64
73,8,2,1,63
79,18,1,1,67
84,7,1,1,62
71,28,1,1,69
84,13,1,1,66
72,28,0,0,66
62,26,1,0,63
60,15,1,1,62
64,13,2,1,58
92,22,0,1,67
98,15,1,1,68
77,21,1,2,67
81,17,1,1,67
66,9,1,0,62
82,7,2,1,66
66,21,1,1,65
84,17,2,1,67
97,17,0,1,69
68,24,2,1,67
91,27,1,0,69
61,18,0,1,62
75,18,1,1,67
64,23,0,1,63
74,12,1,1,65
67,21,1,1,66
75,23,2,1,71
77,24,2,0,70
72,8,2,2,68
86,15,1,2,67
97,15,2,1,71
76,21,1,0,65
68,23,1,0,64
71,29,1,1,69
94,17,0,1,68
83,17,0,1,67
78,27,1,1,71
66,22,0,1,64
78,28,2,1,69
71,22,2,1,68
98,13,0,2,69
95,12,1,1,67
63,11,2,1,58
81,24,1,0,66
69,27,2,1,69
76,31,2,1,70
95,25,0,1,70
81,27,0,1,70
73,17,2,2,66
68,13,2,0,61
92,25,1,1,71
79,21,1,1,69
69,22,1,2,65
73,22,2,2,69
98,28,2,1,74
81,28,1,1,71
76,23,1,2,68
81,25,2,2,69
91,23,1,0,68
74,17,0,1,63
67,25,1,1,68
83,12,1,2,67
87,26,2,1,71
89,13,2,2,66
95,22,1,2,69
75,15,1,2,68
63,23,1,1,63
98,20,1,1,69
77,10,2,0,66
85,23,1,1,71
87,17,2,1,68
82,25,1,1,69
68,20,1,1,65
90,22,0,1,68
92,14,1,2,67
82,16,1,1,65
80,17,1,0,65
65,25,0,1,64
63,30,2,2,69
74,15,0,2,64
72,26,1,1,66
98,7,0,1,65
91,13,1,2,69
86,14,1,0,66
81,12,1,1,64
67,10,1,1,61
99,22,1,1,72
75,19,1,1,67
64,22,1,0,63
80,24,2,1,69
95,22,2,0,70
95,24,2,1,71
60,20,0,1,60
95,13,2,1,70
71,26,2,0,69
62,16,2,1,63
94,14,1,1,69
95,19,1,1,71
84,15,2,1,68
83,17,2,1,64
93,22,1,0,68
91,22,1,0,69
96,15,0,1,65
82,17,1,1,68
99,26,2,1,74
100,23,0,2,72
65,32,1,2,67
94,27,2,2,73
80,27,1,1,68
76,12,0,1,61
85,25,2,2,70
62,20,0,1,62
80,17,1,1,67
95,21,2,0,69
69,26,2,2,93
77,23,2,1,68
98,15,1,1,69
77,24,1,1,68
74,16,2,1,64
78,21,1,2,69
81,18,1,1,66
85,19,1,1,68
92,25,1,1,72
78,14,1,2,63
93,32,1,2,73
81,9,1,2,65
74,16,2,2,65
86,22,1,0,68
89,24,1,2,70
82,19,1,1,65
62,20,1,2,66
67,22,2,1,66
71,28,2,1,69
87,25,2,0,69
61,25,2,1,64
90,14,1,1,66
71,20,1,0,63
72,18,1,2,68
81,14,1,2,68
69,22,1,2,65
95,17,1,2,69
63,24,1,1,66
94,30,1,0,72
85,15,1,2,67
72,21,2,2,67
77,25,1,2,68
88,17,2,2,71
99,25,2,1,73
96,13,1,1,68
74,29,1,2,69
100,20,1,1,69
60,16,2,1,63
61,18,1,1,62
93,25,1,1,70
68,16,1,2,66
62,16,1,1,62
69,19,2,1,64
77,13,1,1,63
89,31,1,1,71
85,17,1,2,67
70,25,2,0,67
80,21,2,0,67
97,14,1,0,71
93,20,1,2,69
73,25,1,1,93
99,19,1,2,72
88,27,2,1,71
62,26,1,1,63
61,26,0,2,65
67,17,1,0,61
89,14,0,1,66
67,16,1,1,61
80,21,1,1,67
64,23,0,1,64
97,7,2,0,69
96,21,1,1,70
98,18,1,2,73
60,28,1,0,63
79,23,1,1,68
61,28,0,0,64
96,19,0,1,69
81,26,1,1,69
63,30,0,2,67
64,28,0,2,69
75,13,2,1,62
98,18,1,0,66
88,18,1,0,68
95,23,0,2,71
75,24,0,1,66
62,15,2,0,62
99,20,0,0,68
61,8,0,1,59
98,29,1,1,70
75,17,0,2,66
60,20,1,1,65
88,18,1,1,66
99,27,1,1,73
99,3,0,1,65
66,20,2,1,65
83,17,1,1,69
85,30,1,1,74
90,15,2,2,68
67,25,1,0,65
98,22,2,1,72
86,28,1,1,71
94,16,1,2,69
82,16,2,0,67
77,27,2,1,71
99,23,0,0,68
95,17,1,2,69
98,22,0,1,68
87,25,2,2,73
82,16,1,1,69
60,3,1,1,58
62,23,0,2,65
68,13,1,1,63
70,3,1,1,58
72,25,1,1,66
74,21,2,1,67
77,19,1,2,67
64,28,1,2,67
62,24,0,2,65
87,30,1,2,71
81,12,1,1,66
78,20,2,1,68
85,10,2,1,65
93,19,2,2,71
77,19,0,1,64
86,24,2,1,72
98,20,0,0,69
94,24,1,1,70
77,24,1,1,66
86,33,1,1,70
67,18,0,2,62
82,14,1,0,66
99,21,0,2,70
81,15,0,0,63
97,29,1,2,73
76,18,2,1,70
100,17,2,2,71
83,17,1,0,65
62,24,0,1,64
83,19,0,2,66
71,16,0,0,82
61,30,2,0,68
93,15,1,1,67
71,20,2,0,68
92,24,2,0,69
72,10,1,1,63
68,23,2,1,66
99,14,1,1,68
74,25,1,2,71
84,14,2,1,69
84,24,1,0,70
82,27,1,1,70
97,25,1,1,73
87,22,2,1,68
76,19,0,1,65
94,17,2,2,72
67,29,0,2,67
82,16,1,0,68
98,14,1,1,69
85,24,1,1,70
93,15,1,2,69
86,14,2,2,68
94,11,1,1,65
98,17,2,1,70
71,20,0,1,65
67,21,0,1,61
79,26,0,1,69
88,23,0,1,67
69,19,1,1,65
60,19,1,1,63
74,23,2,1,67
99,28,0,2,76
88,21,1,1,70
76,17,2,1,67
68,14,2,2,66
74,11,2,1,65
67,24,2,0,65
64,23,1,0,63
100,19,2,0,72
67,28,2,2,68
62,17,0,1,62
73,26,2,0,65
78,20,1,2,69
68,16,0,1,61
72,24,1,1,67
68,22,2,1,66
91,22,1,0,70
89,20,2,1,72
85,20,0,2,69
75,34,1,0,68
96,27,1,1,74
99,24,1,2,70
67,21,1,1,67
69,26,1,1,68
81,23,0,2,69
64,20,0,2,66
77,18,0,1,66
83,20,2,2,68
81,1,1,1,60
73,21,1,2,69
82,17,1,2,66
98,30,2,1,77
68,20,0,1,63
86,13,0,1,66
62,20,1,2,64
63,14,2,2,63
82,23,1,0,68
64,22,1,2,65
61,26,1,2,65
83,20,1,2,68
88,12,1,0,62
68,24,1,1,67
87,23,2,2,73
67,23,2,2,69
85,20,1,1,65
76,22,1,1,66
86,30,1,2,73
100,18,1,2,72
98,21,1,1,72
60,13,2,0,61
95,15,1,2,69
63,21,1,2,66
98,27,2,2,74
71,18,0,2,64
75,19,2,1,66
64,18,1,2,64
64,17,2,2,66
89,22,2,1,72
98,11,2,2,71
84,28,1,2,70
89,16,1,2,67
90,24,2,1,71
71,12,0,1,63
62,24,2,1,64
60,24,1,1,64
74,22,0,1,65
70,14,1,1,65
62,21,0,1,62
67,13,2,2,65
65,18,2,1,64
97,26,1,1,74
66,25,2,1,67
82,20,1,0,66
84,14,2,2,70
82,24,2,1,68
73,6,1,1,58
62,25,1,1,65
76,20,2,1,68
68,27,1,0,64
82,13,2,1,66
88,1,2,1,92
81,22,1,2,69
77,22,2,1,68
75,10,1,1,63
94,14,1,0,64
69,37,2,1,68
89,18,0,1,67
90,24,1,0,68
72,7,1,1,66
79,19,2,1,68
64,18,2,1,64
62,18,1,2,63
64,19,1,1,62
67,22,2,1,66
80,19,1,2,65
94,12,0,1,66
69,23,2,1,66
97,8,2,1,69
98,8,1,0,67
98,24,2,1,75
94,23,1,2,73
75,20,1,1,66
63,12,1,1,61
83,16,1,1,68
82,18,1,1,67
94,10,2,1,66
100,16,2,1,69
80,24,1,1,69
74,29,2,1,67
67,17,1,2,65
60,25,0,1,63
80,9,0,1,63
82,24,1,1,66
93,15,1,1,66
80,22,2,1,69
97,19,1,2,72
85,28,1,1,70
94,15,2,1,68
66,24,1,2,66
94,18,1,0,67
87,19,1,2,68
67,19,0,1,62
68,15,2,1,64
97,20,0,2,71
61,20,1,2,65
79,21,1,1,69
73,21,1,1,65
87,25,1,1,71
94,26,1,0,69
74,14,1,2,65
77,25,1,0,66
99,13,1,1,68
91,24,2,2,72
96,24,2,2,74
78,9,1,1,64
69,21,0,2,64
76,17,1,1,63
89,15,0,2,66
64,28,1,1,67
71,16,0,2,64
62,15,2,0,62
93,24,2,1,71
61,19,0,2,63
87,27,1,2,72
97,23,2,1,71
69,7,1,0,61
88,17,2,1,71
99,17,1,1,69
69,4,2,1,61
64,35,0,1,68
66,23,2,1,67
88,21,0,2,70
89,27,1,1,69
87,34,0,1,72
73,25,0,1,66
67,26,1,1,67
83,21,1,1,70
79,19,2,1,68
89,17,1,0,68
78,15,2,1,65
74,16,0,1,63
72,12,0,0,62
68,20,2,1,66
71,10,2,1,62
64,21,2,0,61
74,20,1,0,63
67,17,0,2,64
90,38,1,2,74
73,28,1,0,70
89,21,1,0,68
83,16,2,1,69
61,12,1,1,62
90,23,1,2,71
94,26,0,2,69
67,26,2,0,68
73,28,1,0,65
67,15,2,1,65
84,23,0,0,65
88,24,2,2,72
73,17,0,1,63
82,15,2,1,68
88,30,1,1,72
77,21,0,1,66
94,24,1,0,71
91,15,0,1,67
63,13,1,1,61
85,17,2,2,70
82,14,1,1,64
98,20,2,0,68
95,10,1,2,70
76,13,1,0,65
72,24,2,2,67
69,24,0,1,65
81,18,1,0,65
65,14,2,1,65
82,14,0,2,66
60,18,2,1,62
73,24,1,1,63
69,26,0,0,63
99,17,1,1,70
89,13,2,0,67
74,22,2,2,66
64,15,1,2,63
81,17,0,2,66
69,28,1,0,67
81,25,1,1,68
93,21,2,0,67
85,12,2,1,66
85,21,2,2,71
82,26,1,1,69
97,18,0,2,72
97,28,0,2,70
81,28,1,1,68
72,30,1,1,68
78,22,2,0,67
67,24,1,1,62
85,28,0,1,67
80,23,1,2,69
64,17,2,1,64
68,17,2,1,66
79,21,0,2,69
96,12,2,2,70
83,19,1,2,69
87,27,1,1,72
74,7,1,1,61
83,29,1,1,68
78,27,1,1,68
86,17,1,0,66
62,23,1,1,65
80,20,0,2,66
72,27,1,1,67
73,26,2,1,68
98,12,1,0,67
67,24,1,0,63
72,19,0,1,64
80,20,0,1,66
95,16,1,2,69
77,30,0,1,70
90,26,1,1,72
72,12,1,1,63
76,18,2,2,68
74,23,2,1,67
93,21,0,1,69
62,28,1,1,65
72,25,0,2,69
87,26,1,1,71
83,22,0,1,67
77,12,1,0,64
82,19,1,2,68
68,26,0,2,67
77,20,0,0,62
80,23,1,2,68
96,18,1,1,72
70,14,2,1,61
95,19,0,0,67
86,22,1,2,70
61,16,1,0,59
89,19,1,2,70
61,14,1,0,60
100,27,1,2,74
95,18,2,0,68
72,29,1,1,67
70,29,0,1,67
74,14,1,1,63
75,7,1,1,62
73,11,0,2,64
85,12,1,1,68
67,28,1,1,65
94,21,0,1,71
92,22,1,1,68
79,7,2,0,62
94,13,2,2,68
70,25,1,1,68
61,22,1,2,67
85,19,1,1,67
78,23,2,2,70
83,30,1,0,69
96,19,1,0,70
99,20,0,1,69
85,21,1,2,70
63,7,1,0,59
66,24,1,1,64
89,19,2,2,72
77,23,2,0,70
78,16,2,0,63
72,20,1,2,66
84,24,2,2,72
85,25,2,2,71
67,15,1,0,62
63,17,1,1,62
73,17,0,1,64
69,9,2,2,65
96,18,0,2,68
62,24,1,2,67
67,12,1,1,61
82,26,0,0,68
79,23,2,1,68
62,16,1,1,62
60,19,0,1,62
100,30,2,2,74
86,24,1,1,68
75,20,2,0,66
71,20,1,2,65
74,17,1,1,66
86,7,1,2,67
95,32,1,1,76
67,21,2,0,66
94,22,0,0,68
65,20,1,2,63
69,16,2,1,65
61,19,1,2,63
66,10,1,1,59
97,34,1,1,74
78,13,0,1,62
63,14,0,0,59
98,17,2,1,71
95,28,1,1,73
90,20,1,2,68
97,13,1,1,68
69,28,1,1,66
93,24,2,0,69
88,23,1,1,70
95,24,2,1,74
92,34,1,2,75
74,33,1,1,71
91,16,2,2,71
70,30,1,1,65
73,22,1,0,65
64,23,2,1,65
97,10,1,1,67
81,15,1,1,67
76,25,2,2,71
98,26,0,2,72
73,8,2,1,62
91,20,0,2,70
94,27,2,1,72
77,19,1,0,64
75,24,0,2,66
90,22,1,0,69
97,22,1,2,71
90,18,0,1,68
69,13,1,1,63
96,13,2,1,71
83,20,2,0,66
93,19,0,0,68
68,17,1,1,61
91,18,2,0,71
84,26,2,1,70
96,18,0,2,66
67,12,1,2,61
77,24,0,2,67
93,19,1,2,72
61,20,2,2,65
64,30,1,2,68
100,20,1,0,70
71,22,0,1,63
99,13,0,2,69
67,19,0,1,62
74,24,2,2,71
90,11,0,0,64
86,21,1,2,69
83,21,2,1,71
81,20,1,0,63
94,26,2,0,72
69,22,1,1,66
78,29,1,2,69
66,14,1,1,60
84,21,2,2,68
70,21,2,1,65
73,14,1,2,67
79,26,0,1,66
61,34,1,1,68
64,20,1,0,63
87,23,2,2,73
77,21,1,1,66
95,16,1,0,67
88,9,1,0,66
60,16,0,1,60
85,12,2,2,67
64,30,1,1,67
91,19,1,1,70
100,18,0,2,69
81,25,0,1,68
87,13,0,2,67
69,15,2,1,63
78,20,1,2,70
94,26,1,0,71
67,23,2,2,67
71,21,1,1,64
78,20,1,0,66
88,22,1,1,70
75,21,0,1,65
97,14,1,0,68
64,20,0,1,65
75,14,1,2,65
88,20,1,1,69
69,17,1,1,63
86,35,1,0,70
67,20,0,0,64
62,12,2,1,62
97,23,0,2,73
82,30,2,1,72
92,16,1,1,68
73,11,2,1,62
80,12,0,1,62
98,17,2,2,72
90,18,2,0,67
89,20,1,2,68
62,24,2,0,65
82,16,1,1,79
79,18,0,2,66
97,20,1,1,68
70,21,0,0,65
71,21,2,1,67
76,23,2,1,67
65,22,1,1,68
94,23,2,1,72
82,11,1,2,65
94,20,1,0,65
93,23,1,1,70
82,16,2,1,68
63,16,1,1,63
97,17,1,1,68
76,23,2,1,69
76,26,0,0,66
72,18,1,2,64
78,25,0,2,69
70,21,1,0,62
75,19,2,1,65
92,19,1,1,70
93,24,2,0,72
72,22,1,1,66
79,34,0,2,70
95,15,1,1,67
62,23,2,2,65
96,17,0,1,68
69,15,1,0,62
87,20,1,0,68
83,21,1,2,69
82,38,0,1,72
94,19,1,0,65
64,13,2,1,63
74,22,2,2,68
82,8,0,2,62
92,19,1,1,69
69,20,0,1,65
92,25,1,2,74
76,26,0,2,70
68,17,0,1,65
90,19,2,2,70
64,15,0,0,59
81,13,1,0,63
63,22,2,0,64
74,12,2,0,63
84,18,0,2,67
82,14,1,1,65
76,23,1,1,67
69,12,2,2,64
78,9,2,0,65
98,19,2,1,72
94,20,1,2,72
66,21,1,2,66
61,17,1,2,62
97,19,1,0,68
81,22,0,1,67
82,26,0,2,69
91,8,0,2,67
73,18,1,1,63
79,21,1,0,65
99,14,1,2,71
87,30,1,1,70
66,16,1,1,68
65,20,1,1,65
68,23,2,1,68
91,16,1,1,69
72,9,2,1,62
61,17,2,0,62
98,26,0,2,72
67,18,1,2,64
60,15,1,2,58
69,26,1,2,66
69,18,0,1,64
77,17,2,1,68
97,21,0,0,69
95,25,2,0,71
78,34,2,1,71
76,25,1,1,67
82,27,0,2,71
62,14,1,1,62
98,20,1,1,70
67,21,2,0,63
68,14,1,2,66
79,19,1,1,65
80,22,2,1,69
61,22,0,2,63
66,23,1,1,64
75,22,1,1,66
87,17,1,1,67
69,17,2,2,66
77,13,2,0,65
82,31,1,2,72
96,20,1,2,70
73,19,1,1,67
80,38,1,2,72
90,14,1,1,65
64,17,0,2,62
77,22,2,1,67
61,24,1,1,64
79,31,2,1,72
72,23,1,0,66
94,14,1,2,70
84,18,0,1,66
78,22,2,2,70
76,32,0,0,67
80,12,1,1,64
96,21,2,2,72
100,25,0,2,72
67,19,1,2,68
65,15,1,1,64
66,25,1,2,66
86,24,2,0,68
86,26,0,0,66
94,20,2,0,70
90,16,2,2,70
85,25,1,0,69
88,23,1,1,69
81,14,1,1,66
79,17,2,2,68
86,17,2,1,71
82,11,1,1,64
86,15,2,0,67
85,13,2,1,68
86,16,1,1,68
81,10,2,1,69
87,32,2,1,71
78,28,0,2,68
70,15,2,2,65
60,22,1,0,63
82,23,1,0,65
84,27,2,2,72
99,15,1,0,67
74,27,2,1,69
76,17,1,1,67
68,12,1,2,64
63,24,0,1,62
91,28,1,0,71
84,13,1,0,64
88,24,1,1,69
79,18,1,1,65
95,25,2,2,73
78,11,0,1,64
71,12,2,1,64
96,15,1,1,70
94,20,0,0,70
67,16,2,2,64
61,24,1,0,64
64,26,1,1,66
71,24,2,0,66
99,30,1,1,74
82,22,2,2,69
75,13,2,0,67
96,28,1,1,73
78,16,1,0,66
73,25,1,2,67
98,29,2,1,75
94,23,2,1,73
94,11,1,1,67
80,14,0,2,65
92,28,1,1,71
67,19,1,1,63
83,20,0,1,68
99,25,2,1,72
72,24,2,0,67
92,22,2,1,71
80,19,0,0,67
62,18,2,1,66
91,25,2,1,72
67,23,0,0,64
85,18,1,1,68
63,26,2,2,65
98,19,2,1,74
72,15,0,1,65
69,15,0,2,63
65,14,1,1,65
98,18,2,0,70
88,27,2,1,71
90,15,1,1,66
80,21,1,1,69
79,16,2,1,67
64,18,2,1,64
82,11,2,2,67
70,19,2,1,67
99,19,1,2,70
92,23,2,2,71
77,21,0,1,68
66,13,2,2,65
91,27,1,1,70
68,21,2,2,67
68,20,0,0,63
82,17,0,1,65
91,21,1,1,70
73,23,2,1,67
63,10,2,1,60
79,17,2,0,64
90,18,1,0,65
69,22,1,1,64
69,27,0,1,67
98,15,1,1,71
98,17,1,1,69
100,17,2,1,70
92,15,1,1,69
68,18,2,2,69
74,14,1,0,63
73,23,1,2,67
98,10,1,1,66
92,17,2,1,69
89,18,1,1,69
96,18,2,1,72
93,7,2,2,65
67,8,1,1,63
95,20,1,1,69
71,24,1,2,69
63,22,0,1,64
86,21,0,1,69
86,27,2,1,72
64,17,0,1,62
73,25,1,2,66
100,10,1,0,65
87,15,2,2,69
89,9,0,1,65
69,18,1,2,67
63,20,1,0,63
71,21,1,2,66
70,20,1,0,61
68,19,0,1,64
83,11,1,1,65
73,28,0,1,68
93,18,2,0,69
67,17,1,1,61
79,30,2,1,72
61,13,0,1,61
79,13,2,2,66
62,13,1,0,60
99,20,0,1,69
92,23,2,1,72
80,24,2,1,69
63,35,2,2,71
84,7,2,1,64
90,24,0,0,71
68,17,1,0,64
83,16,1,1,67
93,16,0,1,67
91,15,2,0,66
92,30,1,0,73
95,25,2,1,73
98,20,1,1,70
76,28,1,0,70
83,11,0,1,62
92,12,0,2,68
88,7,2,2,65
100,16,2,2,73
74,21,2,1,66
71,21,1,0,64
70,12,2,1,63
69,25,1,1,62
88,21,1,2,70
63,24,1,1,65
90,9,1,1,64
88,22,1,1,70
70,13,1,1,62
70,18,1,1,67
85,23,0,1,66
90,21,2,2,74
95,15,2,1,69
94,20,2,1,70
99,11,1,1,68
96,19,1,1,71
92,27,0,1,73
96,17,1,1,69
60,17,0,0,61
99,15,1,1,68
79,25,0,1,66
92,16,0,2,67
65,24,2,0,64
76,18,2,0,67
71,8,1,2,61
72,17,1,0,65
65,13,2,0,62
92,20,2,0,69
60,13,2,2,61
73,26,1,2,69
67,19,0,1,64
84,19,0,1,65
70,24,2,1,64
70,26,2,2,68
80,20,1,0,67
86,15,1,2,68
65,9,1,0,61
67,16,2,1,69
70,16,2,0,64
99,21,1,2,74
76,18,1,1,66
84,24,1,1,68
70,16,2,1,65
80,20,2,1,66
63,27,0,2,66
61,22,0,1,65
79,20,1,1,67
76,16,1,0,65
65,16,1,1,63
88,15,1,2,67
100,17,2,1,70
76,25,2,2,68
85,19,1,1,66
99,12,1,1,67
93,31,0,1,72
79,22,2,2,68
89,12,2,1,66
65,17,1,1,62
80,21,0,2,65
71,30,0,2,67
66,13,1,1,62
77,26,0,1,66
65,28,1,1,67
88,16,1,1,68
78,18,1,1,66
81,14,2,2,68
66,19,1,0,62
83,24,0,2,68
99,27,0,0,71
64,16,1,1,63
71,8,1,2,62
95,20,0,2,69
63,22,1,1,62
95,21,1,0,71
81,18,2,0,69
76,21,1,1,66
72,29,1,0,64
72,22,2,0,65
72,18,2,2,68
95,17,1,2,69
89,19,1,2,68
87,30,1,0,71
92,19,1,0,66
70,20,0,2,65
78,27,2,2,72
91,32,1,2,75
72,23,0,2,67
86,20,1,1,67
95,20,1,1,70
76,6,1,1,64
63,24,1,1,65
81,21,1,1,68
74,23,2,2,67
87,16,1,0,66
98,18,1,2,69
79,18,2,0,64
79,26,2,1,68
86,18,1,2,68
64,32,2,0,65
70,23,1,1,65
97,12,1,0,65
87,19,1,2,67
61,16,1,2,63
68,7,1,2,62
87,30,1,2,73
91,24,2,2,72
94,23,1,0,71
72,21,1,1,67
97,12,0,1,66
82,17,2,1,68
88,25,2,2,70
84,14,1,1,66
65,5,2,0,56
99,19,2,1,71
65,19,2,0,64
70,21,1,1,65
93,24,1,1,70
85,24,0,2,70
94,22,2,0,71
81,27,2,2,70
75,11,2,0,62
97,23,1,1,72
61,24,1,1,62
94,13,1,0,67
69,11,1,0,58
94,16,1,0,69
66,16,0,1,60
83,25,2,2,72
96,16,1,1,66
79,15,2,1,66
90,16,2,1,69
92,27,1,0,70
89,20,1,0,70
97,19,2,2,70
78,19,2,0,67
67,28,1,2,67
62,16,0,0,59
66,21,1,2,65
82,19,1,1,68
67,35,2,2,71
62,14,1,1,61
61,18,1,1,63
93,13,2,1,67
84,26,1,2,69
74,30,2,1,70
96,30,0,1,69
63,27,1,2,66
99,19,0,1,70
85,18,1,1,67
67,10,2,2,61
87,32,2,1,74
91,23,2,1,70
77,17,1,2,66
94,28,2,1,73
66,14,1,1,62
71,22,0,1,65
64,19,1,2,62
68,24,1,0,64
70,20,1,1,63
97,11,1,1,69
63,20,1,1,63
77,26,1,1,67
81,20,0,1,65
96,25,2,1,71
100,14,1,1,71
90,20,1,1,69
99,16,2,1,71
91,24,1,0,68
99,20,1,0,70
88,24,2,1,71
63,27,1,1,68
76,24,2,0,69
86,22,1,1,71
74,14,1,2,63
71,20,1,0,66
83,17,1,1,67
97,18,0,2,71
61,18,0,0,59
91,14,1,2,67
89,8,2,2,66
99,16,2,0,72
97,21,2,2,70
90,12,1,1,68
81,20,1,0,63
68,31,1,1,69
82,26,1,0,67
91,30,2,1,75
96,22,0,0,67
92,27,2,2,74
68,16,2,1,66
84,16,2,1,65
73,4,1,0,60
60,27,2,1,63
68,29,2,0,69
65,17,2,2,64
94,18,1,0,68
71,22,1,1,65
98,27,2,1,74
75,10,2,1,65
60,22,1,1,61
71,18,2,1,66
65,21,2,1,67
64,23,1,2,66
63,19,1,2,69
84,19,1,1,65
68,19,2,2,65
74,26,1,2,66
94,23,2,1,73
77,21,1,0,64
97,12,0,1,67
80,18,0,1,67
76,25,0,1,68
90,20,0,1,71
63,24,1,1,64
64,31,1,1,67
86,26,0,1,68
79,21,1,0,67
92,17,1,0,70
97,5,0,1,64
76,19,1,1,63
84,18,2,2,71
80,22,0,0,64
99,19,0,0,70
93,18,2,1,70
96,9,2,1,67
70,14,1,1,62
91,23,1,1,69
71,30,2,0,69
68,19,2,0,62
98,22,1,0,70
61,26,1,1,66
99,15,1,2,69
66,22,0,1,65
93,16,2,0,66
71,25,1,2,69
74,21,1,2,66
69,22,2,0,65
83,15,0,1,66
86,33,1,0,72
61,14,1,1,62
63,18,2,2,64
64,21,0,1,61
77,25,1,2,70
93,17,1,1,67
96,3,2,2,66
70,28,1,1,66
83,25,1,0,68
91,10,2,2,67
72,16,2,1,65
76,29,2,1,70
81,29,1,1,69
65,26,1,1,68
61,19,1,1,61
66,20,2,1,65
85,19,2,2,71
63,27,2,1,66
68,15,2,1,62
74,15,0,0,61
63,26,2,2,67
68,20,2,1,66
96,28,2,0,71
61,16,2,1,62
86,20,1,1,67
75,14,1,1,64
87,20,0,1,68
84,11,1,1,67
69,17,1,1,63
94,11,2,2,70
80,24,2,0,67
93,24,2,1,71
76,10,0,1,62
99,28,1,1,75
91,35,1,0,72
99,20,0,1,73
81,16,1,0,64
79,37,2,1,73
90,12,0,1,66
95,20,0,0,69
99,21,1,1,70
73,28,2,1,70
92,22,2,2,71
68,17,2,0,64
82,14,2,1,71
67,18,1,2,63
74,14,2,2,68
97,20,1,1,71
66,17,1,1,65
85,11,1,2,66
84,28,2,2,72
65,17,2,2,65
73,12,1,0,60
83,19,1,0,67
67,20,2,1,65
92,10,0,2,64
99,22,2,2,72
69,14,1,2,62
67,30,1,1,67
78,23,1,1,67
90,18,1,1,69
71,16,2,2,65
61,19,2,1,62
82,24,1,2,69
98,20,2,1,72
76,19,2,0,63
77,20,1,2,64
99,16,1,0,67
88,18,1,1,70
89,7,0,2,64
83,26,1,1,69
99,22,2,2,72
88,15,1,1,69
96,31,1,2,75
88,21,1,0,67
89,14,1,1,67
72,22,0,1,64
91,22,0,1,68
72,17,1,2,66
83,23,1,2,69
70,18,0,2,65
93,23,0,1,70
64,9,0,1,57
93,17,1,1,69
84,30,0,2,70
67,15,1,0,63
82,16,1,1,66
74,7,1,2,64
63,19,0,1,62
99,21,1,2,71
61,20,2,1,64
86,19,2,2,72
75,20,1,1,64
86,26,0,1,71
74,19,1,1,68
87,17,1,1,68
89,18,1,1,68
88,23,1,1,69
65,28,1,0,67
86,16,0,1,66
71,21,1,1,65
61,22,2,1,63
77,14,0,2,62
77,20,2,2,67
79,11,1,1,65
72,22,2,0,66
73,18,1,1,64
62,21,1,2,67
87,20,1,1,67
83,14,0,0,61
74,20,1,1,66
88,13,1,2,66
81,28,0,1,67
79,12,1,2,64
80,19,0,2,64
85,14,1,0,67
86,23,2,0,68
72,18,0,1,64
66,17,1,1,63
66,25,2,1,68
86,20,0,0,64
95,23,1,0,70
76,14,1,0,64
67,12,1,2,59
90,21,1,2,71
93,18,1,0,67
95,24,0,1,73
84,20,0,0,66
94,21,2,2,73
61,10,1,2,62
64,31,2,1,69
64,19,2,1,66
89,24,0,1,68
63,15,1,1,65
80,22,1,1,67
79,12,1,1,64
72,23,2,2,67
95,18,0,0,66
67,20,1,2,68
74,24,1,1,68
91,13,0,1,64
61,16,1,2,63
87,23,1,2,72
93,33,1,2,75
97,19,1,2,71
95,24,1,2,71
73,19,1,1,66
83,32,1,2,71
63,10,1,2,61
70,21,1,1,65
64,10,0,1,58
73,5,0,2,62
95,22,0,2,69
74,21,0,1,65
82,18,1,2,69
77,19,1,2,68
78,39,1,1,70
99,18,1,2,72
72,23,1,0,66
85,16,2,0,68
77,22,1,1,67
62,19,0,2,61
80,18,0,0,64
93,31,1,2,74
64,27,1,1,64
63,21,0,2,64
66,6,1,2,61
91,18,2,2,71
89,36,0,2,72
83,19,2,2,68
79,27,2,0,69
96,29,2,1,74
91,21,2,1,70
92,15,0,2,69
93,5,0,0,64
86,24,0,0,71
78,15,0,2,65
95,21,1,2,71
61,18,1,0,66
62,20,1,1,64
71,13,0,0,61
95,27,1,1,71
76,16,1,1,65
65,10,2,0,59
63,19,1,1,63
66,20,1,1,64
70,21,0,0,63
80,28,2,2,70
88,19,1,2,70
99,19,2,2,72
78,13,2,1,65
81,25,1,2,71
81,21,1,2,70
82,17,0,1,66
81,9,1,1,64
60,29,2,0,64
60,13,0,2,59
64,16,2,1,65
64,22,1,2,66
88,13,1,1,67
68,11,1,2,62
96,7,0,2,65
99,17,1,1,70
98,38,1,0,75
71,14,2,2,66
80,14,1,2,65
67,17,1,1,64
92,21,0,2,70
96,17,2,1,71
94,24,1,0,68
77,14,1,1,64
90,12,2,2,67
64,9,2,1,65
62,7,1,2,62
90,17,2,0,68
77,18,1,2,66
100,16,2,2,69
64,27,1,1,68
94,27,0,1,71
79,18,2,1,68
93,9,0,2,64
93,17,1,0,66
97,16,0,1,70
72,16,1,0,60
98,16,1,1,69
66,16,1,1,65
63,18,2,2,66
77,16,0,1,64
93,21,2,1,71
79,22,0,2,66
93,15,0,1,66
89,28,1,1,68
68,14,2,2,63
98,10,0,1,66
62,22,1,0,61
96,15,0,1,70
72,22,2,1,68
80,6,1,1,65
77,28,1,2,69
67,24,2,1,67
74,11,1,2,62
68,11,2,0,61
67,16,1,2,65
80,15,1,2,65
92,6,1,1,66
83,18,2,1,66
96,19,1,1,69
85,24,2,2,70
88,12,1,2,63
87,11,1,0,64
78,23,0,2,65
88,26,1,2,71
63,11,1,1,61
94,26,0,0,69
91,20,1,2,69
70,27,1,1,66
91,20,1,2,72
61,5,1,2,60
69,19,0,0,62
63,26,1,1,66
91,15,2,1,69
90,18,1,2,69
93,19,2,1,71
60,3,0,1,57
80,30,2,2,72
88,15,1,0,66
66,23,1,1,66
86,19,1,1,70
63,28,1,1,67
67,22,1,1,65
79,19,1,1,63
86,15,0,2,68
66,25,1,0,63
67,9,2,1,63
68,24,1,1,68
70,13,1,1,60
69,28,1,1,67
76,21,0,0,65
86,24,0,2,68
78,20,0,1,62
91,9,0,1,65
89,15,1,1,66
65,24,1,1,67
62,21,2,0,60
95,27,2,0,74
63,22,0,0,62
66,14,1,0,61
61,15,1,1,63
85,21,0,1,66
83,6,1,1,65
99,30,1,0,72
95,23,1,2,70
76,27,2,2,71
75,11,2,2,64
72,27,2,1,70
66,33,1,1,68
66,12,2,0,61
65,25,1,2,68
65,20,1,0,64
70,11,2,1,64
72,23,2,1,71
98,25,2,1,72
83,16,1,1,66
100,27,1,0,74
75,10,1,1,65
78,11,2,2,64
73,21,1,2,69
67,20,1,1,62
66,16,1,1,62
98,25,0,0,72
99,23,2,1,73
62,25,0,1,64
66,19,1,1,65
77,24,2,2,70
67,17,1,1,66
75,32,2,0,70
65,15,2,1,63
78,33,0,0,69
71,20,1,2,64
74,12,1,0,63
64,28,1,1,66
77,21,1,1,68
99,25,1,1,97
73,27,0,0,67
95,22,1,1,71
94,16,0,0,66
98,26,0,1,72
92,20,1,2,70
86,24,1,1,69
94,7,0,1,66
63,23,2,2,69
79,16,1,1,65
100,30,2,2,75
91,24,1,0,70
98,21,0,2,70
91,23,2,1,69
95,14,1,2,68
88,30,1,0,73
90,32,1,1,74
81,22,0,0,66
97,30,1,2,74
93,17,0,1,67
94,15,1,2,67
87,20,2,1,70
72,23,2,0,67
61,18,0,1,80
97,23,2,1,70
83,22,1,2,71
72,14,0,1,64
66,23,2,2,68
93,25,1,1,68
93,21,1,1,69
93,27,0,2,72
86,13,1,1,65
75,23,0,0,64
72,13,2,1,64
60,13,1,0,58
93,16,1,2,69
63,14,0,2,61
85,17,2,2,68
80,19,1,2,66
81,25,1,1,68
97,18,2,0,70
61,10,0,2,62
91,27,1,1,71
62,15,1,1,61
62,20,1,2,64
77,23,0,1,65
63,21,1,0,63
92,27,1,2,74
81,23,2,1,68
61,15,1,2,65
62,33,1,1,66
85,21,2,1,69
92,19,1,0,69
78,26,1,2,70
82,21,1,1,70
92,22,1,1,71
84,35,1,1,72
69,18,0,1,61
85,18,2,1,68
85,21,0,1,66
89,26,1,1,70
85,11,0,1,63
68,16,1,0,62
98,10,2,1,69
82,17,1,1,69
87,23,0,1,72
64,15,1,2,64
75,11,1,0,63
91,20,1,1,70
88,25,1,0,69
62,10,2,2,61
82,25,2,2,70
64,25,1,1,64
100,26,2,2,76
96,27,1,1,73
94,18,1,1,69
97,21,1,1,72
74,18,1,1,66
89,20,1,1,70
78,29,2,1,73
86,12,1,2,68
74,15,2,1,66
73,28,1,0,67
77,26,0,1,67
66,18,2,1,62
93,25,1,0,72
74,22,2,0,65
76,29,0,1,69
96,20,2,1,69
80,26,1,2,69
82,36,0,0,69
98,24,1,0,69
95,20,2,1,70
67,24,0,2,67
79,18,2,1,69
99,34,1,1,75
75,21,1,0,66
75,18,0,1,63
68,15,1,1,64
65,27,1,1,66
90,25,1,1,72
91,17,2,1,71
99,23,1,0,70
91,11,1,2,67
70,21,0,1,65
62,23,2,2,65
99,30,1,1,73
74,15,1,1,66
72,12,1,0,62
96,15,2,1,71
83,12,2,1,66
69,28,2,2,65
96,29,2,1,75
100,22,1,2,74
63,27,0,1,65
94,21,1,1,71
76,19,0,2,65
81,18,0,1,65
97,18,0,1,67
99,11,0,1,67
70,22,1,1,66
69,20,1,2,67
63,24,1,1,66
82,21,2,0,65
61,19,1,2,59
76,15,2,2,69
63,20,1,1,63
76,24,1,0,65
62,13,0,1,61
93,21,1,0,68
68,21,2,1,65
95,16,2,1,69
90,21,1,0,72
69,13,0,1,59
63,22,1,1,63
89,15,1,1,69
76,26,0,0,67
91,34,1,0,70
78,15,2,1,67
74,23,1,1,66
78,16,1,1,68
90,26,2,0,71
96,12,1,2,69
81,15,1,1,66
61,19,2,1,66
79,14,1,2,67
95,25,1,2,74
74,15,2,2,66
97,23,2,1,72
85,18,0,2,69
97,19,2,0,68
90,21,2,1,71
64,15,1,1,61
69,21,1,1,65
76,29,2,1,71
67,15,1,0,59
80,27,1,2,71
79,29,2,1,72
98,15,2,2,71
77,11,0,0,61
91,22,1,1,67
98,17,1,1,67
95,31,1,1,74
68,20,2,2,66
80,15,1,1,63
74,13,1,1,63
76,27,2,2,68
74,17,0,1,65
93,20,0,1,66
81,17,1,1,67
99,20,0,1,70
62,20,1,0,65
80,24,1,1,68
91,24,2,1,70
66,19,0,2,66
84,20,1,2,69
70,18,1,1,65
95,11,1,1,68
73,22,1,0,65
73,31,2,1,70
84,15,0,0,65
67,15,1,2,67
71,15,0,2,64
77,24,1,1,68
74,23,2,1,70
81,19,2,0,64
84,14,1,2,67
83,21,2,2,68
86,11,1,1,67
72,21,0,1,66
65,25,2,1,66
90,12,0,1,66
94,11,0,0,67
70,29,1,1,69
76,16,1,0,65
80,27,0,0,68
81,19,2,0,67
86,19,1,1,69
62,23,1,1,64
89,15,1,1,67
62,21,1,2,67
79,18,2,1,67
93,12,2,1,67
78,22,2,1,68
66,18,1,1,65
99,19,2,0,70
96,13,1,1,68
91,30,0,2,72
76,25,2,1,67
67,26,0,2,66
98,18,0,0,68
94,32,2,1,75
74,20,0,2,66
73,16,2,2,67
99,23,2,2,71
81,27,2,0,68
66,20,1,1,65
69,28,2,0,67
79,26,2,0,66
62,14,1,0,60
79,16,1,1,64
91,4,1,1,64
74,19,2,1,66
99,11,1,2,72
67,17,0,0,60
84,18,2,0,69
64,18,1,1,62
89,17,1,1,70
100,13,0,0,65
93,34,1,2,77
82,31,2,1,71
79,13,2,1,66
93,29,1,1,74
97,18,2,1,70
100,21,1,1,69
76,20,1,1,64
100,16,1,1,69
66,26,2,2,68
70,21,0,1,63
64,17,1,1,61
71,12,1,1,61
91,15,0,1,65
94,10,2,1,65
91,20,1,2,69
85,13,2,2,69
81,18,1,0,65
88,28,2,0,72
76,27,2,2,69
94,20,1,2,71
87,19,1,1,67
88,31,2,1,72
81,23,2,2,70
95,18,1,0,68
70,11,1,1,66
75,22,2,1,68
91,25,0,2,71
96,22,2,1,70
74,18,2,1,65
75,19,2,2,70
96,5,0,1,65
79,19,2,2,68
81,26,1,2,69
73,16,1,1,66
71,20,1,0,62
86,15,2,1,70
65,22,0,2,65
95,19,2,0,71
91,14,2,1,68
68,28,0,0,65
88,26,2,0,70
84,16,2,1,69
67,23,0,1,66
76,24,1,2,67
88,10,1,0,63
86,26,2,0,70
81,17,1,2,65
91,18,2,1,70
90,36,2,1,74
91,18,1,2,68
73,7,1,1,64
95,28,1,2,73
85,12,1,1,66
93,14,0,1,65
82,18,0,2,66
69,28,0,1,67
82,25,2,1,67
88,22,0,1,69
79,16,1,1,69
93,21,0,1,68
87,20,0,0,64
87,26,1,1,70
69,26,1,1,67
99,23,0,0,68
94,18,1,1,67
92,24,1,2,73
73,19,1,1,65
81,14,2,1,69
65,18,1,1,63
82,21,1,1,68
66,25,2,1,64
82,19,2,0,68
86,13,2,1,66
76,20,1,1,65
80,21,1,1,69
95,21,1,0,69
64,26,2,0,64
92,26,2,2,74
67,16,1,2,64
61,16,0,1,63
67,14,1,2,64
91,24,1,1,71
76,29,2,0,68
95,18,1,1,72
81,19,0,1,67
61,29,2,1,64
89,23,0,1,70
64,23,1,2,65
92,13,1,2,69
67,24,1,2,65
74,14,1,2,66
90,13,1,2,67
98,18,0,1,68
75,16,1,1,65
93,19,1,1,68
68,11,2,1,63
92,26,1,1,71
86,27,1,2,71
68,8,1,2,65
72,26,0,1,65
65,15,0,1,61
75,25,2,2,68
68,20,1,0,65
86,20,1,0,66
100,19,0,2,69
60,27,2,2,65
82,13,2,1,65
83,24,1,2,70
97,27,1,1,70
80,24,1,1,67
82,34,2,1,75
79,17,0,0,65
71,26,1,1,66
62,20,1,0,62
82,18,1,1,66
81,17,0,2,64
65,12,1,0,60
97,17,1,1,70
96,24,1,1,72
68,28,1,2,67
74,21,2,1,67
85,28,1,1,72
64,12,2,2,63
74,17,1,0,60
70,18,1,1,65
97,19,1,2,72
94,21,2,1,70
83,24,1,2,71
81,17,1,0,66
97,21,1,0,72
97,20,1,0,73
99,14,1,2,71
65,19,0,2,64
66,19,2,1,66
87,19,1,1,69
82,20,1,0,66
61,20,2,1,63
62,17,1,1,62
96,28,0,2,98
95,13,2,2,71
74,16,1,2,66
96,37,1,1,75
84,14,1,2,68
92,12,1,2,69
77,24,0,1,68
65,8,1,1,60
77,19,0,1,64
78,33,1,1,71
82,11,2,2,69
64,8,1,1,60
100,11,2,2,70
70,25,1,0,66
68,27,1,2,68
81,17,0,2,67
81,24,1,1,70
78,28,1,2,69
91,31,2,1,75
81,19,0,1,65
84,6,1,1,65
89,15,0,1,66
61,17,1,2,64
83,18,1,0,66
95,19,2,1,70
61,27,0,2,63
76,28,0,0,66
97,19,1,0,71
74,27,2,1,68
78,22,1,1,68
99,20,1,0,71
68,25,1,0,63
63,20,0,0,60
94,32,2,1,73
95,11,1,1,68
79,17,2,2,70
81,19,1,1,66
93,23,1,2,72
90,28,0,2,70
71,20,2,2,68
61,11,1,1,60
79,25,1,2,68
94,25,2,2,74
96,8,1,1,68
98,20,1,0,72
95,10,2,1,69
83,16,1,0,98
78,15,2,1,68
91,25,0,1,70
90,21,1,1,69
82,12,0,2,64
63,25,0,1,65
97,11,1,1,69
78,22,0,1,67
75,15,2,1,65
85,18,2,1,70
87,23,0,2,68
68,23,1,1,65
93,28,1,1,74
72,20,1,1,65
67,22,2,2,65
76,17,1,2,68
89,21,1,1,68
99,23,1,1,74
98,9,1,2,67
66,22,1,1,64
82,16,1,1,66
72,12,1,1,61
93,29,2,1,73
87,23,1,0,70
99,19,1,0,70
70,13,0,1,63
79,15,1,2,69
80,28,2,2,72
84,17,2,2,68
78,23,2,1,67
78,15,2,1,65
61,28,1,2,68
81,17,1,2,69
73,16,2,2,66
60,4,1,1,58
71,12,2,2,67
76,21,1,1,65
65,18,1,2,62
80,12,2,1,65
88,18,2,2,69
85,23,2,0,70
92,23,2,0,70
78,9,1,2,63
81,19,1,0,69
92,12,1,0,64
77,25,2,1,69
88,25,1,2,70
77,15,1,1,64
77,15,1,2,65
90,17,1,2,70
67,6,0,1,60
74,22,2,1,68
69,18,0,0,61
74,26,0,1,68
69,13,0,1,61
83,16,1,0,64
92,11,1,1,66
91,14,1,1,70
75,13,2,2,65
100,26,2,1,74
84,16,2,2,66
76,21,1,0,65
93,18,2,0,69
90,19,2,0,69
68,24,0,2,66
79,13,0,1,63
94,25,0,1,69
80,15,2,1,65
87,17,1,1,67
84,23,1,1,66
94,16,1,0,67
71,20,2,0,65
83,18,2,1,69
65,21,2,0,65
88,6,2,2,67
89,9,1,1,66
62,24,1,0,64
87,26,2,1,70
77,15,2,1,65
65,19,1,0,65
77,22,0,0,64
68,24,0,1,64
77,8,0,1,61
75,15,1,2,65
90,18,1,2,68
91,24,2,0,70
84,35,1,0,74
61,19,1,1,60
97,12,0,2,71
87,22,2,2,70
61,28,1,0,67
93,21,1,1,68
68,15,1,2,64
83,26,0,2,67
79,24,0,0,65
96,22,1,1,72
63,27,1,1,65
98,20,2,0,71
97,18,2,2,72
87,27,1,2,70
79,13,1,2,63
92,12,0,0,67
63,26,2,1,67
63,18,1,1,62
81,28,2,1,72
66,23,2,1,69
60,13,1,1,61
77,29,0,1,67
65,29,1,0,66
66,25,1,1,68
63,15,2,1,62
68,18,0,2,63
89,21,1,1,70
92,16,2,0,68
78,30,2,1,71
80,21,0,2,65
61,4,2,0,59
63,22,0,2,64
70,18,2,1,67
82,20,1,1,68
90,18,2,2,95
84,25,1,1,70
76,27,1,1,68
65,22,1,0,65
91,18,1,0,70
75,20,1,1,67
89,20,2,1,69
81,15,2,1,68
90,23,2,2,72
96,23,2,1,71
97,29,2,1,75
81,28,2,1,70
80,16,1,1,66
71,25,2,1,67
97,14,1,1,70
78,24,2,2,71
65,17,1,1,64
77,14,1,1,65
65,22,1,1,64
80,4,1,0,62
82,9,0,2,64
74,19,2,1,66
63,20,1,1,64
98,18,1,2,71
91,11,0,2,68
94,15,1,1,70
75,22,1,2,66
90,23,1,1,71
79,20,1,1,68
68,27,0,0,66
65,22,1,0,66
74,16,2,0,65
66,18,1,1,64
100,12,1,0,67
62,19,1,1,65
78,27,1,1,69
78,24,1,2,69
72,28,1,0,69
83,18,2,1,68
66,28,0,1,67
91,19,0,1,68
73,29,0,0,65
84,20,1,2,69
89,24,0,1,73
96,29,1,2,76
93,19,2,1,69
84,21,0,2,69
76,28,1,1,68
80,19,2,2,70
91,12,0,1,64
95,33,0,0,73
64,17,1,1,64
75,21,0,1,65
91,27,2,0,69
77,16,0,1,62
73,14,1,2,64
76,22,2,0,64
100,18,0,1,69
80,21,0,1,67
68,18,2,0,65
67,11,2,1,63
62,30,0,0,66
82,21,2,1,70
82,29,2,1,70
68,18,2,2,67
88,15,1,0,65
70,19,1,1,66
74,13,2,1,66
100,29,0,1,72
75,16,0,2,64
78,28,2,1,71
91,16,1,2,70
87,9,1,0,64
94,30,0,1,70
98,12,0,1,67
83,20,0,1,65
69,25,1,2,68
76,23,1,2,69
90,20,0,1,68
86,10,2,2,68
67,15,0,1,64
